Doc,Author
4501,78
4501,525
4501,534
4501,906
4501,1094
4501,1385
4501,1490
4501,1775
4501,2078
4501,2132
4502,243
4502,593
4502,891
4502,2343
4503,52
4503,443
4503,658
4503,806
4503,886
4503,1380
4503,2084
4504,355
4504,1284
4504,1464
4504,1482
4504,1675
4504,1917
4504,1946
4504,1954
4504,2221
4504,2332
4504,2479
4505,238
4505,301
4505,358
4505,765
4505,835
4505,856
4505,945
4505,1023
4505,1056
4505,1105
4505,1382
4505,1624
4505,2297
4506,111
4506,127
4506,363
4506,756
4506,977
4506,1036
4506,1057
4506,1309
4506,1458
4506,1541
4506,1797
4506,1810
4506,2060
4506,2070
4506,2101
4506,2156
4506,2354
4507,269
4507,1661
4507,1736
4507,1782
4507,1911
4507,2029
4507,2075
4507,2260
4507,2425
4508,19
4508,51
4508,402
4508,759
4508,1123
4508,1284
4508,1468
4508,1531
4508,1907
4508,2009
4508,2018
4508,2029
4508,2166
4508,2194
4508,2210
4509,998
4509,1932
4509,2374
4509,2452
4510,420
4510,562
4510,837
4510,961
4510,1382
4510,1408
4510,1667
4510,1730
4510,1767
4510,1815
4510,1980
4511,147
4511,210
4511,456
4511,767
4511,851
4511,1355
4511,1560
4511,1709
4511,1762
4511,2408
4512,5
4512,185
4512,467
4512,578
4512,625
4512,820
4512,1255
4512,1695
4512,1882
4512,1924
4512,2114
4512,2184
4513,449
4513,599
4513,682
4513,1072
4513,1084
4513,1207
4513,1580
4513,1754
4513,1777
4513,2133
4513,2461
4513,2485
4514,40
4514,307
4514,453
4514,527
4514,695
4514,730
4514,963
4514,1865
4514,2107
4514,2139
4514,2373
4514,2410
4514,2427
4515,81
4515,281
4515,670
4515,816
4515,888
4515,1232
4515,1242
4515,1316
4515,2053
4515,2224
4515,2307
4515,2437
4516,239
4516,868
4516,932
4516,1066
4516,1180
4516,1321
4516,1512
4516,1933
4517,236
4517,466
4517,785
4517,972
4517,1104
4517,1169
4517,1217
4517,1230
4517,1762
4517,1878
4517,1910
4517,2074
4518,425
4518,1317
4518,1367
4518,1620
4518,1629
4519,94
4519,171
4519,323
4519,659
4519,972
4519,994
4519,1083
4519,1154
4519,1304
4519,2277
4520,142
4520,167
4520,286
4520,354
4520,486
4520,537
4520,570
4520,578
4520,690
4520,1046
4520,1449
4520,1496
4520,1562
4520,1862
4520,1889
4521,338
4521,367
4521,808
4521,977
4521,1067
4521,1206
4521,1507
4521,1653
4521,1677
4521,1707
4521,1749
4521,1751
4521,1873
4521,1939
4521,1980
4521,2021
4521,2492
4522,105
4522,233
4522,653
4522,1438
4522,2225
4523,8
4523,401
4523,847
4523,969
4523,1759
4523,2221
4523,2419
4523,2485
4524,21
4524,277
4524,505
4524,636
4524,792
4524,1284
4524,1439
4524,1826
4524,1989
4524,2078
4525,102
4525,220
4525,376
4525,527
4525,549
4525,657
4525,737
4525,893
4525,962
4525,1168
4525,2362
4526,391
4526,1306
4526,1411
4526,2423
4527,5
4527,155
4527,220
4527,655
4527,779
4527,876
4527,949
4527,1179
4527,1191
4527,1298
4527,1554
4527,1591
4527,2251
4527,2496
4528,537
4528,626
4528,752
4528,1075
4528,1459
4528,1701
4528,2092
4528,2424
4529,78
4529,221
4529,657
4529,1332
4529,1629
4529,1674
4529,1900
4529,2147
4529,2240
4529,2275
4529,2389
4530,222
4530,265
4530,589
4530,695
4530,1023
4530,1678
4530,1708
4530,1811
4530,1921
4530,2118
4530,2132
4530,2405
4530,2432
4531,69
4531,294
4531,813
4531,826
4531,950
4531,1302
4531,1346
4531,1363
4531,1695
4531,1833
4531,2341
4531,2422
4532,101
4532,173
4532,223
4532,260
4532,443
4532,1051
4532,1228
4532,1519
4532,1884
4532,1999
4532,2338
4532,2372
4533,56
4533,265
4533,1090
4533,1237
4533,1337
4533,1358
4533,1422
4533,1519
4533,1936
4533,2023
4533,2060
4533,2071
4533,2080
4533,2305
4534,141
4534,152
4534,197
4534,841
4534,1508
4534,1583
4534,1754
4534,1843
4534,1875
4534,2149
4535,147
4535,152
4535,500
4535,514
4535,649
4535,797
4535,893
4535,945
4535,1056
4535,1295
4535,1389
4535,1479
4535,2009
4535,2018
4535,2276
4536,75
4536,134
4536,526
4536,780
4536,1641
4536,2113
4536,2245
4537,382
4537,732
4537,1244
4537,1521
4537,2014
4537,2103
4538,35
4538,467
4538,479
4538,633
4538,873
4538,1389
4538,1992
4538,2340
4538,2436
4539,151
4539,170
4539,354
4539,552
4539,622
4539,1121
4539,1680
4539,1823
4539,2292
4539,2373
4540,117
4540,332
4540,339
4540,385
4540,867
4540,904
4540,1116
4540,1425
4540,1519
4540,1619
4540,1916
4540,2401
4541,75
4541,183
4541,334
4541,764
4541,782
4541,796
4541,1101
4541,1271
4541,1349
4541,1569
4541,1592
4541,1974
4541,2175
4542,230
4542,305
4542,529
4542,545
4542,698
4542,1130
4542,1341
4542,1362
4542,1676
4542,1877
4542,2084
4543,64
4543,1448
4543,1518
4543,1789
4543,2208
4544,45
4544,200
4544,446
4544,769
4544,827
4544,858
4544,944
4544,1056
4544,1097
4544,1435
4544,1824
4544,2064
4545,38
4545,54
4545,223
4545,475
4545,1211
4545,1343
4545,1615
4545,1737
4545,1813
4546,105
4546,190
4546,524
4546,576
4546,1017
4546,1146
4546,1568
4546,1791
4546,1960
4546,2067
4546,2122
4546,2164
4546,2232
4546,2296
4547,264
4547,1363
4547,1449
4547,1944
4547,2445
4548,639
4548,695
4548,1194
4548,1592
4548,1782
4548,1853
4548,2214
4548,2311
4549,123
4549,952
4549,1120
4549,1280
4549,1591
4549,1644
4549,1858
4549,1939
4549,2012
4549,2052
4549,2077
4549,2251
4549,2391
4550,348
4550,571
4550,641
4550,657
4550,709
4550,797
4550,809
4551,18
4551,200
4551,217
4551,368
4551,490
4551,491
4551,854
4551,1855
4551,2032
4552,535
4552,972
4552,1408
4552,1445
4552,1587
4552,1647
4552,2012
4552,2177
4553,173
4553,319
4553,421
4553,554
4553,631
4553,1479
4553,1571
4553,1631
4553,1841
4553,2284
4554,16
4554,1064
4554,1156
4554,1364
4554,1365
4554,1439
4554,1465
4554,1682
4554,1797
4554,1990
4554,2023
4554,2195
4554,2476
4555,169
4555,184
4555,231
4555,328
4555,409
4555,794
4555,919
4555,1393
4555,1977
4555,2007
4555,2046
4555,2122
4555,2363
4556,98
4556,257
4556,369
4556,544
4556,793
4556,836
4556,1369
4556,1618
4556,1809
4556,2220
4557,238
4557,250
4557,371
4557,954
4557,2144
4557,2499
4558,131
4558,641
4558,852
4558,1132
4558,1266
4558,1899
4558,2081
4558,2478
4559,258
4559,286
4559,536
4559,605
4559,1036
4559,1160
4559,1360
4559,1471
4559,1644
4559,1886
4559,1985
4559,2099
4559,2145
4559,2199
4559,2284
4559,2333
4559,2417
4560,63
4560,403
4560,513
4560,944
4560,1277
4560,1660
4560,1899
4560,1969
4560,2077
4560,2205
4560,2277
4560,2462
4561,445
4561,1145
4561,2018
4561,2093
4561,2257
4561,2262
4561,2487
4562,507
4562,813
4562,816
4562,1104
4562,1727
4562,2171
4562,2433
4563,14
4563,224
4563,252
4563,804
4563,849
4563,923
4563,1126
4563,1929
4563,1931
4563,2037
4563,2251
4563,2347
4563,2374
4563,2468
4564,390
4564,998
4564,1232
4564,1499
4564,1943
4565,650
4565,839
4565,1005
4565,1147
4565,1381
4565,1704
4565,2081
4565,2373
4565,2435
4566,281
4566,426
4566,511
4566,1077
4566,1269
4566,1270
4566,1344
4566,1586
4566,1955
4566,1999
4566,2233
4567,146
4567,198
4567,575
4567,1410
4567,1588
4567,1917
4568,187
4568,397
4568,539
4568,1061
4568,1229
4568,1243
4568,1372
4568,1631
4568,1919
4568,2021
4568,2229
4569,1476
4569,1705
4569,1722
4569,1810
4569,2102
4569,2441
4570,131
4570,133
4570,190
4570,197
4570,312
4570,390
4570,422
4570,863
4570,1639
4570,1671
4570,1743
4570,1862
4570,2377
4571,15
4571,210
4571,314
4571,660
4571,1068
4571,1128
4571,1174
4571,1241
4571,1815
4571,2434
4572,113
4572,561
4572,1010
4572,1105
4572,1180
4572,1747
4572,2110
4572,2203
4573,120
4573,367
4573,479
4573,1185
4573,1645
4573,1886
4573,1935
4573,2004
4573,2183
4573,2310
4574,105
4574,284
4574,534
4574,756
4574,1560
4574,1805
4574,1878
4574,2116
4574,2452
4575,20
4575,116
4575,134
4575,154
4575,430
4575,695
4575,1508
4575,1621
4575,1786
4575,2160
4576,138
4576,459
4576,770
4576,950
4576,1164
4576,1214
4576,1492
4576,1762
4576,1874
4576,1923
4576,2185
4577,260
4577,616
4577,1056
4577,1070
4577,1193
4577,1784
4577,1806
4577,2030
4577,2105
4578,1198
4578,1810
4578,2141
4578,2287
4578,2326
4578,2336
4578,2346
4579,70
4579,124
4579,146
4579,237
4579,288
4579,375
4579,1435
4579,1966
4579,2083
4579,2100
4579,2191
4579,2204
4579,2238
4580,27
4580,596
4580,1053
4580,1146
4580,1601
4580,1906
4580,2363
4580,2423
4581,861
4581,1021
4581,1433
4581,1567
4581,1791
4581,1905
4581,1940
4581,2072
4582,192
4582,669
4582,767
4582,1029
4582,1842
4582,1876
4582,1984
4582,2157
4582,2352
4583,694
4583,1200
4583,1691
4583,1725
4583,1913
4583,1919
4584,419
4584,712
4584,1292
4584,1505
4584,1551
4584,1878
4584,2035
4584,2172
4584,2403
4585,352
4585,646
4585,981
4585,1098
4585,1393
4585,1607
4585,2308
4585,2318
4586,64
4586,420
4586,1238
4586,1611
4586,1715
4586,1758
4586,1771
4586,1837
4586,2102
4587,455
4587,648
4587,1105
4587,1226
4587,1277
4587,1323
4587,1514
4587,1696
4587,1718
4587,1778
4587,1808
4587,1955
4587,2009
4587,2061
4587,2182
4588,95
4588,285
4588,359
4588,444
4588,542
4588,999
4588,1339
4588,1494
4588,1559
4588,1563
4588,1964
4588,2231
4589,78
4589,189
4589,550
4589,685
4589,708
4589,787
4589,898
4589,1091
4589,1366
4589,1469
4589,1724
4589,1866
4589,2067
4590,196
4590,318
4590,423
4590,488
4590,647
4590,772
4590,831
4590,1006
4590,1724
4590,2243
4590,2287
4591,666
4591,1151
4591,1173
4591,1283
4591,1390
4591,1491
4591,1718
4592,96
4592,276
4592,650
4592,670
4592,870
4592,994
4592,1317
4592,1548
4592,1583
4592,1644
4592,1855
4592,1995
4592,2164
4592,2327
4592,2369
4592,2383
4592,2436
4593,371
4593,629
4593,935
4593,2364
4594,211
4594,651
4594,668
4594,803
4594,874
4594,954
4594,1365
4594,1484
4594,1702
4594,2081
4594,2334
4594,2478
4595,325
4595,723
4595,1179
4595,1354
4595,1517
4595,1714
4595,1911
4595,2180
4595,2497
4596,209
4596,1235
4596,1385
4596,1400
4596,2044
4596,2153
4597,85
4597,139
4597,392
4597,635
4597,1336
4597,1590
4597,1781
4597,2019
4598,24
4598,410
4598,521
4598,737
4598,807
4598,891
4598,992
4598,1210
4598,1284
4598,1793
4598,2125
4599,139
4599,331
4599,555
4599,921
4599,1307
4599,1498
4599,1629
4599,1687
4599,1901
4599,2027
4599,2076
4599,2206
4600,68
4600,245
4600,462
4600,909
4600,928
4600,973
4600,1928
4600,2037
4600,2132
4601,521
4601,873
4601,911
4601,1040
4601,1197
4601,1211
4601,1389
4601,2239
4601,2458
4602,345
4602,389
4602,477
4602,494
4602,496
4602,506
4602,630
4602,706
4602,1167
4602,1205
4602,1655
4602,1830
4602,1937
4602,2176
4603,197
4603,320
4603,958
4603,1004
4603,1097
4603,1213
4603,1413
4603,1571
4603,1848
4603,1898
4603,2140
4603,2500
4604,362
4604,374
4604,431
4604,963
4604,1088
4604,1175
4604,1227
4604,1524
4604,1572
4604,1658
4604,2004
4604,2040
4604,2047
4604,2100
4604,2205
4604,2390
4604,2490
4605,358
4605,513
4605,680
4605,792
4605,1040
4605,1240
4605,1395
4605,1544
4605,1677
4605,1840
4605,1848
4605,1907
4605,2242
4605,2466
4606,168
4606,791
4606,877
4606,986
4606,1274
4606,1337
4606,1868
4606,1935
4606,2052
4607,17
4607,170
4607,189
4607,541
4607,1335
4607,1405
4607,1605
4607,1725
4607,2157
4607,2181
4607,2473
4608,63
4608,181
4608,474
4608,1422
4608,1695
4608,1854
4608,1856
4609,63
4609,279
4609,1074
4609,1612
4609,1951
4609,1959
4609,2468
4610,50
4610,175
4610,269
4610,645
4610,899
4610,1018
4610,1101
4610,1108
4610,1329
4610,1726
4610,1765
4610,2285
4610,2319
4611,400
4611,566
4611,593
4611,821
4611,875
4611,1290
4611,1825
4611,2087
4611,2246
4612,111
4612,250
4612,293
4612,306
4612,382
4612,536
4612,1706
4612,1769
4612,1906
4612,1911
4612,1924
4612,2310
4612,2315
4613,419
4613,888
4613,1068
4613,1312
4613,1434
4613,1672
4613,1719
4613,1799
4613,2386
4614,892
4614,996
4614,1325
4614,1330
4614,1331
4614,1628
4614,1735
4614,1976
4614,2261
4614,2303
4614,2338
4615,10
4615,174
4615,679
4615,1431
4615,1464
4615,1481
4615,1602
4615,1924
4615,1948
4615,2303
4616,207
4616,252
4616,543
4616,762
4616,1324
4616,1727
4616,1924
4616,2128
4616,2295
4617,13
4617,419
4617,705
4617,1370
4617,1809
4617,2030
4617,2084
4617,2221
4617,2259
4618,193
4618,456
4618,649
4618,1063
4618,1094
4618,1402
4618,1804
4619,264
4619,327
4619,361
4619,368
4619,634
4619,738
4619,1048
4619,1535
4619,1712
4619,2278
4620,322
4620,398
4620,1267
4620,1323
4620,1417
4620,1753
4620,1790
4620,1882
4620,1900
4620,2344
4620,2382
4620,2433
4621,35
4621,509
4621,688
4621,998
4621,1261
4621,1343
4621,1412
4621,1489
4621,1856
4621,2464
4622,219
4622,444
4622,980
4622,993
4622,1275
4622,1360
4622,2071
4622,2333
4622,2458
4623,402
4623,659
4623,909
4623,977
4623,1281
4623,1344
4624,445
4624,670
4624,880
4624,1390
4624,1572
4624,1648
4624,2339
4624,2349
4624,2357
4625,210
4625,1323
4625,1452
4625,2052
4625,2088
4625,2201
4625,2244
4625,2403
4626,401
4626,461
4626,556
4626,1460
4626,1522
4626,1592
4626,1810
4626,2095
4626,2326
4627,62
4627,145
4627,550
4627,1634
4627,1887
4627,2250
4627,2402
4627,2479
4628,98
4628,541
4628,838
4628,1110
4628,1152
4628,1247
4628,2009
4628,2081
4628,2362
4629,195
4629,574
4629,771
4629,789
4629,861
4629,1140
4629,1169
4629,1849
4629,2232
4630,424
4630,1213
4630,1292
4630,1373
4630,1402
4630,1512
4630,1578
4630,1806
4630,1924
4630,2043
4630,2296
4630,2446
4631,65
4631,229
4631,710
4631,1395
4631,1671
4631,1688
4631,1899
4631,1940
4631,1986
4631,2382
4632,205
4632,681
4632,919
4632,1376
4632,1667
4632,2108
4632,2330
4633,384
4633,980
4633,1174
4633,1387
4633,1655
4633,1746
4633,2276
4634,110
4634,896
4634,918
4634,950
4634,1054
4634,1532
4634,1581
4634,1625
4634,1735
4635,44
4635,60
4635,601
4635,985
4635,1569
4635,1785
4636,356
4636,415
4636,634
4636,915
4636,1158
4636,1165
4636,1685
4636,1796
4636,1965
4637,131
4637,627
4637,711
4637,896
4637,1095
4637,1134
4637,1210
4637,1255
4637,1401
4637,1639
4637,1782
4637,2129
4637,2338
4638,75
4638,474
4638,730
4638,840
4638,909
4638,1024
4638,1147
4638,1399
4638,1994
4638,2174
4638,2176
4638,2241
4638,2254
4638,2331
4638,2423
4639,112
4639,581
4639,854
4639,1367
4639,1833
4640,141
4640,212
4640,297
4640,408
4640,670
4640,1102
4640,1536
4640,2430
4641,315
4641,394
4641,514
4641,1290
4641,1434
4641,1591
4641,2030
4641,2134
4641,2236
4641,2378
4641,2385
4642,54
4642,265
4642,345
4642,537
4642,618
4642,693
4642,1268
4642,1508
4642,1681
4642,1863
4642,2039
4642,2416
4643,190
4643,290
4643,521
4643,823
4643,1039
4643,1177
4643,2035
4643,2082
4643,2293
4644,700
4644,797
4644,1575
4644,2385
4645,198
4645,574
4645,1094
4645,1260
4645,1477
4645,1485
4645,1487
4645,1501
4645,1578
4645,1663
4645,1889
4645,1951
4645,2400
4646,79
4646,94
4646,662
4646,671
4646,673
4646,723
4646,1206
4646,1463
4646,1465
4646,1561
4646,1943
4646,1952
4646,2009
4646,2197
4646,2383
4647,103
4647,509
4647,972
4647,986
4647,1362
4647,2094
4648,237
4648,2065
4648,2092
4648,2102
4648,2466
4649,517
4649,802
4649,926
4649,1074
4649,1129
4649,1876
4649,2014
4650,196
4650,301
4650,345
4650,363
4650,448
4650,632
4650,710
4650,1017
4650,1193
4650,2134
4650,2425
4651,377
4651,881
4651,989
4651,1043
4651,1061
4651,1250
4651,1300
4651,1306
4651,1807
4651,2093
4651,2286
4652,34
4652,140
4652,198
4652,278
4652,583
4652,770
4652,1113
4652,1467
4652,1508
4652,1532
4652,1612
4652,1920
4652,2322
4652,2465
4653,30
4653,43
4653,113
4653,462
4653,736
4653,1617
4653,1619
4653,2032
4653,2232
4653,2313
4653,2328
4653,2389
4654,735
4654,1019
4654,2025
4654,2280
4655,40
4655,301
4655,745
4655,947
4655,974
4655,1791
4655,2149
4656,43
4656,56
4656,100
4656,261
4656,436
4656,497
4656,657
4656,951
4656,1541
4656,1609
4656,1688
4656,1871
4656,2242
4657,336
4657,639
4657,685
4657,734
4657,805
4657,1156
4657,1544
4657,1578
4657,1825
4657,1917
4658,149
4658,237
4658,247
4658,1422
4658,1445
4658,1563
4658,1842
4658,1943
4658,2084
4658,2131
4658,2262
4659,159
4659,282
4659,521
4659,543
4659,588
4659,654
4659,759
4659,823
4659,1315
4659,1427
4659,1464
4659,1503
4659,1743
4659,1921
4659,2026
4659,2158
4659,2193
4659,2390
4659,2406
4660,178
4660,751
4660,1540
4660,1654
4660,1687
4660,1934
4660,2102
4660,2381
4660,2431
4661,134
4661,263
4661,495
4661,575
4661,1115
4661,1237
4661,1519
4661,1587
4661,2372
4661,2431
4662,35
4662,76
4662,176
4662,740
4662,796
4662,1264
4662,1711
4662,2497
4663,56
4663,132
4663,598
4663,948
4663,1108
4663,1364
4663,1401
4663,1468
4663,2227
4663,2455
4664,141
4664,464
4664,597
4664,660
4664,977
4664,1365
4664,1387
4664,1648
4664,2062
4664,2456
4664,2482
4665,276
4665,289
4665,290
4665,1768
4665,1792
4665,1838
4665,2406
4665,2471
4666,80
4666,113
4666,124
4666,732
4666,1134
4666,1139
4666,1684
4666,2363
4666,2489
4667,314
4667,626
4667,663
4667,826
4667,1155
4667,1330
4667,1430
4667,1445
4667,2015
4668,32
4668,146
4668,386
4668,788
4668,850
4668,874
4668,1126
4668,1571
4668,1646
4668,2285
4668,2331
4668,2349
4668,2382
4668,2488
4669,398
4669,432
4669,448
4669,895
4669,1964
4669,2228
4669,2313
4670,335
4670,451
4670,614
4670,1017
4670,1047
4670,1054
4670,1226
4670,1599
4670,1614
4670,1668
4670,1924
4670,2201
4671,199
4671,236
4671,363
4671,891
4671,1110
4671,1206
4671,1337
4671,1367
4671,2039
4671,2110
4672,137
4672,227
4672,303
4672,551
4672,1160
4672,1182
4672,1615
4672,1635
4672,1651
4672,1752
4672,1926
4672,2075
4672,2128
4672,2362
4673,72
4673,140
4673,282
4673,501
4673,627
4673,763
4673,972
4673,1123
4673,1160
4673,2036
4674,24
4674,250
4674,515
4674,581
4674,636
4674,793
4674,933
4674,1085
4674,1239
4674,1730
4674,1752
4674,1881
4674,2095
4674,2422
4675,13
4675,327
4675,588
4675,634
4675,702
4675,765
4675,948
4675,1011
4675,1125
4675,1728
4676,57
4676,508
4676,1134
4676,1336
4676,1850
4677,107
4677,275
4677,712
4677,881
4677,1054
4677,1145
4677,1310
4677,1376
4677,1621
4677,1910
4677,1929
4677,2066
4677,2494
4678,250
4678,360
4678,608
4678,611
4678,1982
4678,2018
4679,67
4679,253
4679,339
4679,591
4679,713
4679,1157
4679,1210
4679,1605
4679,2103
4679,2150
4679,2272
4679,2493
4680,639
4680,903
4680,1017
4680,1511
4680,1700
4680,1974
4680,2085
4680,2299
4680,2461
4680,2480
4680,2485
4681,559
4681,820
4681,1190
4681,1566
4681,1750
4681,2372
4682,25
4682,61
4682,88
4682,590
4682,1503
4682,1836
4682,1936
4682,2471
4683,138
4683,197
4683,519
4683,1356
4683,1503
4683,1527
4683,1579
4683,1652
4683,1734
4683,1782
4683,1783
4683,1800
4683,2123
4683,2161
4683,2242
4683,2415
4684,393
4684,424
4684,564
4684,570
4684,628
4684,1075
4684,1201
4684,1453
4684,1606
4684,1880
4684,2344
4685,456
4685,571
4685,611
4685,729
4685,1478
4685,1574
4685,1783
4685,2078
4685,2489
4686,344
4686,453
4686,616
4686,977
4686,1014
4686,1222
4687,14
4687,436
4687,1120
4687,1165
4687,1196
4687,1320
4687,1322
4687,1613
4687,1738
4687,1934
4687,1971
4687,2206
4687,2304
4687,2371
4687,2459
4688,415
4688,639
4688,792
4688,1381
4688,1414
4688,1916
4688,2005
4688,2019
4688,2097
4688,2155
4688,2322
4689,863
4689,959
4689,1500
4689,1664
4689,1931
4689,2123
4689,2335
4689,2336
4689,2410
4689,2436
4690,52
4690,518
4690,896
4690,917
4690,1338
4690,1401
4690,1463
4690,2082
4691,1234
4691,1417
4691,1812
4691,1981
4691,1983
4691,2275
4692,191
4692,371
4692,486
4692,536
4692,1560
4692,1829
4692,1857
4692,2147
4693,439
4693,982
4693,1963
4693,2039
4693,2052
4693,2122
4693,2128
4693,2261
4693,2307
4693,2353
4693,2395
4693,2427
4694,543
4694,869
4694,1252
4694,1618
4694,1827
4695,251
4695,269
4695,604
4695,734
4695,1350
4695,1510
4695,1752
4695,2292
4696,453
4696,588
4696,804
4696,1085
4696,1285
4696,1544
4696,1582
4696,1584
4696,2139
4696,2251
4697,831
4697,835
4697,1228
4697,1416
4697,1630
4697,1711
4697,1998
4697,2446
4697,2463
4698,227
4698,483
4698,692
4698,1056
4698,1387
4698,1760
4698,1785
4698,1897
4698,1952
4698,2089
4698,2291
4699,141
4699,310
4699,316
4699,725
4699,982
4699,1509
4699,1705
4699,2097
4699,2234
4700,196
4700,418
4700,1443
4700,1774
4700,2025
4700,2041
4700,2175
4701,83
4701,164
4701,217
4701,341
4701,683
4701,1175
4701,1423
4701,1547
4701,1853
4701,2120
4702,21
4702,150
4702,1077
4702,1133
4702,1705
4702,1713
4702,1839
4702,2162
4702,2242
4702,2437
4703,133
4703,1173
4703,1460
4703,1526
4703,1571
4703,1869
4703,1958
4703,2372
4703,2430
4704,68
4704,629
4704,854
4704,1010
4704,1052
4704,1094
4704,1095
4704,1338
4704,1685
4704,1895
4704,2288
4704,2388
4704,2461
4705,74
4705,147
4705,293
4705,772
4705,889
4705,1159
4705,1178
4705,1452
4705,1857
4705,2044
4705,2076
4706,512
4706,624
4706,793
4706,951
4706,1589
4706,1604
4706,1629
4706,1913
4706,1993
4707,57
4707,259
4707,622
4707,638
4707,1006
4707,1031
4707,1864
4707,2439
4708,16
4708,187
4708,373
4708,418
4708,575
4708,886
4708,1181
4708,1288
4708,1414
4708,1458
4708,1611
4708,1695
4708,2186
4708,2220
4708,2231
4708,2394
4708,2482
4709,132
4709,306
4709,654
4709,1158
4710,36
4710,389
4710,881
4710,919
4710,1080
4710,1299
4710,1562
4710,1658
4710,1832
4710,1974
4710,2429
4711,59
4711,397
4711,403
4711,729
4711,883
4711,936
4711,1029
4711,1198
4711,1372
4711,1851
4711,1908
4711,2054
4711,2147
4711,2334
4711,2355
4712,615
4712,809
4712,851
4713,5
4713,382
4713,868
4713,898
4713,2013
4714,451
4714,465
4714,474
4714,640
4714,764
4714,1099
4714,1199
4714,1347
4714,1682
4714,1834
4714,2286
4714,2450
4715,421
4715,472
4715,576
4715,813
4715,1018
4715,1591
4716,162
4716,393
4716,840
4716,1327
4716,1480
4716,1791
4716,2048
4716,2064
4716,2180
4716,2460
4717,122
4717,225
4717,576
4717,596
4717,914
4717,1171
4717,1287
4717,1321
4717,2059
4717,2216
4718,412
4718,672
4718,1192
4718,2103
4719,382
4719,676
4719,703
4719,937
4719,950
4719,1740
4719,2286
4719,2370
4720,46
4720,649
4720,1020
4720,1037
4720,1070
4720,1109
4720,1601
4720,1799
4721,21
4721,141
4721,558
4721,583
4721,598
4721,714
4721,917
4721,1014
4721,1160
4721,1226
4721,1576
4721,1588
4721,2378
4722,133
4722,455
4722,503
4722,518
4722,681
4722,763
4722,925
4722,1184
4722,1394
4722,1687
4722,2236
4722,2450
4722,2487
4723,517
4723,952
4723,999
4723,1292
4723,1450
4723,1508
4723,1525
4723,2244
4723,2302
4723,2378
4723,2423
4723,2454
4724,4
4724,97
4724,199
4724,415
4724,602
4724,877
4724,1065
4724,1250
4724,1486
4724,1779
4724,1872
4724,2492
4725,384
4725,456
4725,560
4725,587
4725,631
4725,864
4725,884
4725,1105
4725,1220
4725,1438
4725,1493
4725,1878
4725,1931
4725,2288
4725,2389
4725,2407
4726,129
4726,139
4726,697
4726,783
4726,1027
4726,1057
4726,1347
4726,1529
4726,1591
4726,1755
4727,628
4727,999
4727,1404
4727,1654
4727,1768
4727,1892
4727,2377
4728,52
4728,73
4728,265
4728,509
4728,584
4728,967
4728,1072
4728,1777
4728,1863
4728,2015
4728,2123
4728,2285
4728,2422
4729,357
4729,653
4729,767
4729,795
4729,801
4729,1050
4729,1247
4729,1250
4729,1524
4729,1617
4729,2058
4729,2281
4730,683
4730,1165
4730,1231
4730,1374
4730,1617
4730,1723
4730,1882
4731,472
4731,864
4731,973
4731,1385
4731,1404
4731,1515
4731,1552
4731,1617
4731,1859
4731,2473
4732,259
4732,602
4732,714
4732,961
4732,1203
4732,1660
4732,2155
4732,2256
4733,153
4733,289
4733,659
4733,696
4733,886
4733,1085
4733,1557
4733,1615
4733,1734
4734,278
4734,518
4734,745
4734,799
4734,803
4734,839
4734,1040
4734,1043
4734,1502
4734,1754
4734,1755
4734,1978
4734,2125
4735,4
4735,147
4735,719
4735,809
4735,932
4735,966
4735,1296
4735,1354
4735,1874
4735,2096
4735,2116
4735,2136
4736,132
4736,157
4736,226
4736,376
4736,378
4736,481
4736,482
4736,625
4736,751
4736,1111
4736,1373
4736,1513
4736,1521
4736,1542
4736,1623
4736,1704
4736,1888
4736,1991
4736,2283
4736,2483
4736,2484
4737,833
4737,1476
4737,1814
4737,2002
4737,2117
4737,2339
4737,2346
4738,263
4738,396
4738,550
4738,591
4738,1128
4738,1284
4738,1445
4738,1627
4738,2162
4738,2351
4739,223
4739,1076
4739,1458
4739,1476
4739,1617
4739,1809
4739,1974
4739,2036
4739,2165
4739,2213
4740,475
4740,687
4740,796
4740,818
4740,2137
4740,2278
4740,2312
4740,2342
4741,221
4741,420
4741,613
4741,963
4741,1200
4741,1267
4741,1400
4741,1677
4741,1981
4742,96
4742,247
4742,517
4742,933
4742,1319
4742,1378
4742,1733
4742,1839
4743,231
4743,341
4743,1013
4743,1075
4743,1576
4743,1643
4743,1973
4743,2125
4743,2304
4743,2319
4744,31
4744,527
4744,763
4744,889
4744,1675
4744,1717
4744,1871
4744,2377
4744,2411
4745,433
4745,1089
4745,1575
4745,2138
4745,2217
4745,2379
4746,71
4746,141
4746,586
4746,845
4746,913
4746,1625
4747,142
4747,167
4747,451
4747,1782
4747,1793
4748,26
4748,247
4748,702
4748,1024
4748,1048
4748,1111
4748,1400
4748,1465
4748,1504
4748,1597
4748,2021
4748,2195
4748,2354
4748,2425
4749,316
4749,327
4749,413
4749,1111
4749,1369
4749,1925
4749,1968
4749,2222
4750,119
4750,175
4750,238
4750,890
4750,1078
4750,1080
4750,1396
4750,1436
4750,1461
4750,1910
4750,2003
4750,2219
4750,2483
4751,412
4751,636
4751,849
4751,1000
4751,1191
4751,1426
4751,1571
4751,2308
4751,2315
4751,2419
4751,2487
4752,33
4752,845
4752,1008
4752,1256
4752,1618
4752,1729
4752,2157
4752,2247
4752,2250
4753,66
4753,902
4753,926
4753,1175
4753,1308
4753,1391
4753,1545
4753,1687
4754,438
4754,785
4754,1052
4754,1197
4754,1286
4754,1515
4754,1571
4754,1986
4754,2211
4754,2285
4754,2494
4755,177
4755,397
4755,667
4755,678
4755,1287
4755,1314
4755,1794
4755,1922
4755,1976
4755,1999
4755,2100
4755,2265
4755,2496
4756,231
4756,354
4756,676
4756,733
4756,1131
4756,1149
4756,1273
4756,1489
4757,69
4757,150
4757,200
4757,602
4757,1723
4757,2051
4757,2270
4757,2475
4758,58
4758,132
4758,422
4758,1382
4758,1393
4758,1423
4758,1911
4759,219
4759,614
4759,632
4759,819
4759,1055
4759,1186
4759,1698
4759,1877
4759,1963
4759,2042
4759,2326
4759,2357
4760,100
4760,186
4760,652
4760,675
4760,719
4760,1230
4760,1337
4760,1879
4760,2191
4761,158
4761,365
4761,436
4761,556
4761,583
4761,618
4761,837
4761,976
4761,1398
4761,1590
4761,1885
4761,1929
4761,1962
4762,205
4762,340
4762,436
4762,845
4762,1389
4762,1692
4762,1922
4762,2108
4762,2126
4762,2315
4762,2350
4763,819
4763,1398
4763,1422
4763,1666
4763,1706
4763,2030
4763,2041
4763,2342
4764,423
4764,557
4764,1008
4764,1047
4764,1801
4764,1820
4764,2193
4764,2226
4764,2429
4765,615
4765,1151
4765,1220
4765,1491
4765,1500
4765,1510
4765,2373
4766,26
4766,51
4766,84
4766,229
4766,408
4766,480
4766,605
4766,956
4766,1768
4766,2326
4767,160
4767,849
4767,1234
4767,1240
4767,1857
4767,2217
4767,2491
4768,168
4768,297
4768,364
4768,406
4768,472
4768,1028
4768,1253
4768,1491
4768,1698
4768,2095
4768,2148
4768,2271
4768,2344
4768,2473
4769,438
4769,462
4769,465
4769,557
4769,848
4769,1000
4769,1260
4769,1546
4769,1772
4769,1791
4769,1825
4769,2192
4770,307
4770,1345
4770,2201
4771,185
4771,331
4771,374
4771,690
4771,1071
4771,1288
4771,1417
4771,1682
4771,1878
4772,253
4772,345
4772,1049
4772,1131
4772,1544
4772,1900
4772,2022
4772,2341
4773,237
4773,759
4773,1613
4773,2211
4774,399
4774,512
4774,693
4774,1194
4774,1316
4774,1491
4774,1545
4774,1558
4774,1603
4774,1720
4774,2285
4774,2291
4774,2298
4774,2401
4774,2450
4775,285
4775,432
4775,669
4775,1376
4775,1654
4775,1662
4775,1694
4775,2056
4775,2340
4775,2367
4775,2409
4776,48
4776,69
4776,87
4776,295
4776,390
4776,1088
4776,1516
4776,2088
4776,2171
4776,2430
4776,2497
4777,20
4777,85
4777,340
4777,1016
4777,1106
4777,1390
4777,1470
4777,1698
4777,1917
4777,2061
4777,2229
4778,83
4778,145
4778,790
4778,1200
4778,1825
4778,2141
4778,2304
4779,571
4779,976
4779,1416
4779,1611
4779,1950
4779,2157
4779,2171
4780,119
4780,756
4780,1377
4780,1424
4780,1481
4780,1495
4780,1610
4781,2
4781,103
4781,162
4781,175
4781,1571
4781,1683
4781,1915
4781,2413
4781,2418
4781,2485
4781,2488
4782,115
4782,348
4782,786
4782,1397
4782,1705
4782,1878
4782,2007
4782,2039
4783,182
4783,274
4783,276
4783,350
4783,397
4783,438
4783,620
4783,728
4783,774
4783,900
4783,1083
4783,1105
4783,1173
4783,1477
4783,1613
4783,1736
4783,2085
4783,2130
4783,2388
4783,2471
4784,199
4784,686
4784,937
4784,1086
4784,1302
4784,1305
4784,1465
4784,1598
4784,1737
4784,2163
4785,16
4785,134
4785,218
4785,559
4785,933
4785,1182
4785,1290
4785,1478
4785,1843
4785,1904
4786,891
4786,933
4786,1258
4786,1276
4786,1345
4786,1564
4786,2290
4786,2327
4787,630
4787,1239
4787,1340
4787,1784
4788,65
4788,100
4788,220
4788,310
4788,486
4788,530
4788,543
4788,578
4788,601
4788,1461
4788,1587
4788,1977
4789,10
4789,224
4789,334
4789,340
4789,728
4789,1274
4789,1404
4789,1920
4789,1930
4789,1971
4789,2375
4790,1056
4790,1284
4790,1556
4790,1786
4790,1868
4790,2060
4791,217
4791,436
4791,469
4791,504
4791,569
4791,725
4791,735
4791,741
4791,803
4791,848
4791,975
4791,1038
4791,1110
4791,1293
4791,1473
4791,1515
4791,1755
4791,1836
4791,1876
4791,2039
4791,2092
4791,2475
4792,395
4792,665
4792,851
4792,1042
4792,1284
4792,1365
4792,1682
4792,1746
4792,2175
4793,41
4793,404
4793,463
4793,979
4793,1005
4793,1066
4793,1196
4793,1619
4793,1761
4793,1860
4793,2064
4793,2157
4793,2426
4793,2476
4794,40
4794,616
4794,787
4794,1028
4794,1053
4794,1224
4794,1371
4794,1380
4794,2224
4795,168
4795,265
4795,660
4795,847
4795,947
4795,1231
4795,1543
4795,1660
4795,1767
4795,1926
4795,1942
4795,2039
4796,35
4796,312
4796,656
4796,1061
4796,1306
4796,1626
4796,1829
4797,9
4797,165
4797,178
4797,219
4797,251
4797,265
4797,1185
4797,1293
4797,1344
4797,2214
4798,13
4798,27
4798,92
4798,179
4798,233
4798,544
4798,614
4798,808
4798,820
4798,965
4798,1030
4798,1723
4798,2246
4799,99
4799,255
4799,287
4799,417
4799,582
4799,627
4799,862
4799,926
4799,1357
4799,1657
4799,1869
4799,2284
4799,2330
4799,2386
4799,2392
4800,337
4800,610
4800,898
4800,924
4800,1112
4800,1140
4800,1151
4800,1158
4800,1171
4800,1194
4800,1264
4800,1404
4800,2115
4800,2404
4800,2443
4801,82
4801,327
4801,478
4801,658
4801,798
4801,1156
4801,1160
4801,1799
4801,1898
4801,2178
4802,158
4802,247
4802,496
4802,768
4802,1496
4802,1634
4802,1639
4802,1740
4802,1766
4802,1966
4802,2201
4803,353
4803,866
4803,929
4803,957
4803,1204
4803,1232
4803,1351
4803,1433
4803,1581
4803,1844
4803,1920
4803,2086
4803,2127
4803,2331
4803,2351
4804,166
4804,176
4804,216
4804,491
4804,568
4804,1404
4804,1414
4804,1527
4804,1841
4804,2036
4804,2345
4804,2383
4805,27
4805,268
4805,467
4805,506
4805,623
4805,706
4805,925
4805,1092
4805,1191
4805,1232
4805,1389
4805,1396
4805,2110
4805,2124
4805,2153
4805,2175
4805,2263
4805,2342
4805,2410
4806,42
4806,263
4806,610
4806,1195
4806,1376
4806,1758
4806,2355
4807,222
4807,356
4807,494
4807,814
4807,1962
4807,2366
4808,118
4808,143
4808,721
4808,902
4808,1682
4808,2074
4809,61
4809,129
4809,377
4809,438
4809,921
4809,933
4809,1128
4809,2046
4809,2191
4809,2482
4809,2485
4810,82
4810,193
4810,641
4810,986
4810,1359
4810,1451
4810,1517
4810,1751
4810,1968
4810,2239
4810,2318
4810,2330
4810,2336
4810,2404
4811,271
4811,315
4811,459
4811,633
4811,820
4811,824
4811,1230
4811,1359
4811,1429
4811,1634
4811,1750
4811,2196
4811,2398
4812,498
4812,832
4812,1052
4812,1482
4812,1789
4812,2069
4813,321
4813,656
4813,1355
4813,1612
4813,1798
4813,2422
4814,56
4814,206
4814,342
4814,426
4814,941
4814,1127
4814,1179
4814,2252
4815,328
4815,524
4815,1144
4815,1456
4815,1540
4815,1884
4815,2058
4816,88
4816,154
4816,752
4816,795
4816,1011
4816,1349
4816,2016
4816,2192
4816,2366
4816,2432
4817,163
4817,272
4817,340
4817,411
4817,833
4817,905
4817,996
4817,1190
4817,1234
4817,1324
4817,1361
4817,1498
4817,1571
4817,1791
4817,1822
4817,1907
4817,1940
4818,92
4818,192
4818,592
4818,1477
4818,1814
4818,1874
4819,114
4819,313
4819,599
4819,847
4819,886
4819,1324
4820,529
4820,701
4820,1036
4820,1133
4820,1137
4820,1374
4820,1417
4820,1506
4820,1699
4820,2115
4820,2247
4821,4
4821,234
4821,357
4821,411
4821,578
4821,871
4821,1298
4821,1424
4821,1719
4821,1897
4821,2242
4821,2458
4822,828
4822,992
4822,1318
4822,1378
4822,1533
4823,325
4823,367
4823,851
4823,1167
4823,2325
4824,175
4824,408
4824,437
4824,756
4824,1188
4824,2019
4824,2102
4824,2176
4824,2258
4824,2368
4824,2433
4825,91
4825,359
4825,590
4825,1779
4825,2395
4825,2474
4826,359
4826,516
4826,795
4826,987
4826,1371
4826,1398
4826,1453
4826,1471
4826,2231
4826,2279
4827,133
4827,417
4827,488
4827,1911
4827,2016
4827,2224
4828,153
4828,790
4828,952
4828,1231
4828,1242
4828,1661
4828,1831
4828,1859
4828,2184
4828,2403
4829,84
4829,530
4829,531
4829,680
4829,722
4829,1241
4829,1375
4829,1649
4829,1705
4829,1722
4829,2056
4829,2144
4829,2460
4830,302
4830,1404
4830,1504
4830,1985
4830,2233
4830,2326
4831,198
4831,237
4831,507
4831,554
4831,841
4831,854
4831,965
4831,1101
4831,1497
4831,1608
4831,1773
4831,2134
4831,2320
4832,81
4832,279
4832,549
4832,806
4832,2138
4832,2172
4832,2263
4833,161
4833,303
4833,683
4833,908
4833,1066
4833,1315
4833,1429
4833,1459
4833,1697
4833,1829
4833,1922
4833,1951
4833,1967
4833,2046
4833,2169
4833,2357
4834,102
4834,250
4834,967
4834,1374
4834,1406
4834,2424
4835,518
4835,560
4835,916
4835,972
4835,1228
4835,1284
4835,1556
4835,1925
4835,2011
4835,2163
4835,2275
4835,2276
4836,3
4836,103
4836,258
4836,576
4836,644
4836,692
4836,1479
4836,1668
4836,2034
4836,2077
4837,67
4837,109
4837,248
4837,714
4837,741
4837,918
4837,1185
4837,1733
4837,2230
4837,2384
4837,2429
4837,2463
4838,9
4838,245
4838,1119
4838,1415
4838,1690
4838,1953
4838,2013
4838,2035
4838,2463
4839,42
4839,151
4839,609
4839,629
4839,747
4839,881
4839,937
4839,1922
4839,2315
4839,2411
4840,81
4840,301
4840,1256
4840,1280
4840,1522
4840,1613
4840,1981
4840,2140
4841,378
4841,581
4841,1290
4841,1344
4841,1413
4841,1518
4841,2243
4842,51
4842,85
4842,262
4842,463
4842,745
4842,944
4842,1223
4842,1466
4842,1633
4842,2101
4842,2320
4842,2332
4843,9
4843,20
4843,883
4843,892
4843,1073
4843,1147
4843,1232
4843,1263
4843,1677
4843,2055
4843,2058
4843,2133
4844,28
4844,890
4844,1116
4844,1579
4844,1608
4844,1886
4844,1919
4844,2246
4845,608
4845,612
4845,822
4845,828
4845,1428
4845,1509
4845,1610
4845,1763
4845,1774
4845,2090
4845,2179
4845,2219
4846,2
4846,34
4846,408
4846,938
4846,1006
4846,1079
4846,1110
4846,1158
4846,1378
4846,1947
4847,97
4847,426
4847,435
4847,887
4847,928
4847,1113
4847,1455
4848,31
4848,424
4848,784
4848,1756
4848,2021
4848,2218
4848,2252
4849,92
4849,641
4849,686
4849,852
4849,1176
4849,1224
4849,1337
4849,1431
4849,1537
4849,1834
4849,1988
4850,154
4850,499
4850,559
4850,599
4850,885
4850,936
4850,973
4850,992
4850,1900
4850,1946
4851,67
4851,174
4851,240
4851,524
4851,716
4851,1173
4851,1234
4851,1598
4851,1868
4851,2053
4852,241
4852,255
4852,703
4852,833
4852,1578
4852,1760
4852,2058
4852,2337
4853,203
4853,363
4853,999
4853,1341
4853,1737
4853,1980
4853,2003
4853,2068
4853,2126
4853,2199
4853,2291
4853,2357
4853,2489
4854,295
4854,518
4854,624
4854,1211
4854,2079
4855,847
4855,981
4855,1315
4855,1358
4855,1412
4855,1500
4855,1674
4855,1891
4856,257
4856,924
4856,925
4856,994
4856,1482
4856,1635
4856,1752
4857,393
4857,636
4857,719
4857,1013
4857,1028
4857,1541
4857,1940
4857,2086
4858,182
4858,247
4858,558
4858,664
4858,1254
4858,1348
4858,1420
4858,1569
4858,2106
4859,505
4859,973
4859,1151
4859,1264
4859,1529
4859,1713
4859,1749
4859,1826
4859,2332
4860,179
4860,238
4860,419
4860,546
4860,596
4860,1028
4860,1109
4860,1732
4860,1821
4860,2018
4860,2049
4860,2315
4861,736
4861,1070
4861,1621
4861,1711
4861,2007
4861,2490
4862,1159
4862,1345
4862,1672
4862,1725
4862,1855
4862,1895
4862,2298
4862,2479
4863,20
4863,260
4863,805
4863,834
4863,959
4863,1049
4863,1269
4863,1634
4863,1854
4863,1951
4863,2328
4863,2330
4864,229
4864,556
4864,794
4864,919
4864,932
4864,1032
4864,1121
4864,1587
4864,1596
4864,1622
4864,1756
4864,1866
4864,1931
4864,2427
4864,2457
4865,247
4865,1031
4865,1110
4865,1497
4865,1530
4865,1577
4865,1780
4865,2163
4865,2285
4865,2292
4865,2345
4866,182
4866,392
4866,1851
4866,1936
4866,2004
4867,261
4867,440
4867,1088
4867,2114
4867,2230
4868,6
4868,1056
4868,1449
4868,1509
4868,1589
4868,1971
4868,1988
4868,2096
4869,691
4869,718
4869,837
4869,997
4869,1127
4869,1329
4869,1415
4869,1846
4869,1882
4869,1925
4869,1982
4869,2062
4870,125
4870,277
4870,631
4870,1007
4870,1693
4870,1887
4870,2250
4871,100
4871,340
4871,712
4871,802
4871,875
4871,877
4871,1342
4871,1345
4871,1549
4871,1838
4871,2382
4871,2402
4871,2489
4872,551
4872,734
4872,952
4872,1176
4872,1776
4872,2234
4873,192
4873,234
4873,369
4873,431
4873,677
4873,1275
4873,1418
4873,1721
4873,1931
4873,2091
4873,2310
4873,2477
4874,20
4874,212
4874,280
4874,388
4874,485
4874,970
4874,1077
4874,1372
4874,2291
4875,41
4875,370
4875,717
4875,956
4875,1093
4875,1197
4875,1798
4875,1927
4875,1949
4875,2003
4875,2385
4875,2393
4875,2450
4876,467
4876,475
4876,610
4876,950
4876,1278
4876,1432
4876,1748
4876,1801
4876,1851
4876,1971
4876,2079
4876,2255
4877,44
4877,365
4877,533
4877,878
4877,914
4877,1351
4877,1686
4877,1884
4877,1922
4877,2051
4877,2067
4877,2123
4878,140
4878,579
4878,643
4878,837
4878,1626
4878,1855
4878,1880
4878,2063
4878,2209
4878,2323
4878,2493
4879,10
4879,813
4879,900
4879,1211
4879,1298
4879,1483
4879,1635
4879,1841
4879,1928
4879,2198
4879,2334
4879,2498
4880,64
4880,568
4880,649
4880,715
4880,1210
4880,1418
4880,1537
4880,1666
4880,2016
4880,2036
4880,2082
4880,2252
4880,2331
4880,2465
4881,151
4881,368
4881,377
4881,494
4881,1315
4881,1405
4881,1952
4881,2169
4882,104
4882,170
4882,237
4882,349
4882,510
4882,535
4882,572
4882,767
4882,799
4882,884
4882,997
4882,1301
4882,1518
4882,1743
4882,1758
4882,1998
4882,2419
4883,115
4883,382
4883,458
4883,499
4883,1076
4883,1548
4883,1581
4883,1793
4883,2119
4883,2475
4884,52
4884,123
4884,229
4884,1026
4884,1542
4884,1603
4884,1634
4884,1657
4884,1845
4884,2156
4885,167
4885,483
4885,607
4885,1018
4885,1370
4885,1657
4885,1886
4885,2022
4885,2227
4885,2352
4886,1425
4886,1565
4886,1593
4887,269
4887,688
4887,906
4887,1072
4887,1283
4887,1887
4887,2150
4887,2407
4887,2456
4888,15
4888,946
4888,1058
4888,1331
4888,1469
4888,2259
4888,2335
4888,2417
4889,150
4889,205
4889,592
4889,676
4889,745
4889,978
4889,1401
4889,1415
4889,1429
4889,1592
4889,1605
4889,2411
4890,42
4890,418
4890,568
4890,810
4890,1080
4890,1274
4890,1291
4890,1704
4890,1890
4890,1953
4890,2498
4891,649
4891,1379
4891,1564
4891,1673
4891,2245
4892,601
4892,924
4892,1239
4892,1492
4892,1573
4892,1831
4892,2037
4893,810
4893,1374
4893,1432
4893,1725
4893,1857
4893,2106
4893,2274
4894,76
4894,206
4894,644
4894,982
4894,1291
4894,1729
4894,1915
4894,2152
4895,160
4895,318
4895,796
4895,1029
4895,1093
4895,1646
4895,1817
4895,1951
4895,2064
4895,2418
4895,2447
4896,82
4896,178
4896,528
4896,552
4896,768
4896,1022
4896,1039
4896,1378
4896,1627
4896,1691
4896,1972
4896,2108
4896,2347
4897,10
4897,47
4897,75
4897,135
4897,221
4897,277
4897,327
4897,365
4897,576
4897,597
4897,698
4897,713
4897,753
4897,1492
4897,1705
4897,1859
4897,1881
4897,1944
4897,2167
4897,2441
4897,2470
4898,1095
4898,1239
4898,1673
4898,1723
4898,1752
4898,1905
4898,1993
4898,2240
4898,2290
4898,2304
4898,2490
4899,14
4899,195
4899,219
4899,293
4899,371
4899,407
4899,969
4899,1274
4899,1527
4899,1699
4900,152
4900,259
4900,471
4900,585
4900,1390
4900,1445
4900,1807
4900,2122
4900,2133
4901,45
4901,123
4901,238
4901,1841
4901,1943
4901,2085
4901,2164
4901,2448
4902,33
4902,238
4902,489
4902,838
4902,999
4902,1023
4902,1259
4902,1659
4902,1847
4902,1895
4902,1911
4902,2100
4902,2130
4902,2325
4902,2404
4903,327
4903,822
4903,970
4903,1010
4903,1760
4904,526
4904,862
4904,1015
4904,1204
4904,1520
4904,1583
4904,1666
4904,1671
4904,1672
4904,2006
4904,2118
4904,2328
4904,2430
4905,279
4905,499
4905,512
4905,959
4905,1141
4905,1495
4905,1642
4905,1785
4905,2041
4905,2093
4905,2280
4905,2293
4905,2386
4905,2494
4906,57
4906,351
4906,711
4906,1146
4906,1402
4906,1454
4906,1788
4906,2274
4906,2367
4906,2378
4906,2442
4907,67
4907,295
4907,1001
4907,1022
4907,1437
4907,1480
4907,2198
4907,2400
4907,2458
4908,12
4908,89
4908,175
4908,600
4908,760
4908,877
4908,1267
4908,1458
4908,1810
4908,2076
4908,2290
4909,121
4909,289
4909,679
4909,775
4909,939
4909,1193
4909,1477
4909,1483
4909,1667
4909,2153
4909,2190
4909,2457
4910,213
4910,931
4910,957
4910,991
4910,1084
4910,1419
4910,1554
4910,1617
4910,1768
4910,2094
4911,260
4911,344
4911,432
4911,538
4911,604
4911,707
4911,963
4911,1559
4911,1678
4911,1688
4911,1856
4911,2315
4911,2436
4912,96
4912,335
4912,554
4912,628
4912,631
4912,1173
4912,1312
4912,1335
4912,1337
4912,1927
4912,2221
4913,259
4913,795
4913,880
4913,1205
4913,1374
4913,1982
4913,2140
4913,2272
4914,535
4914,847
4914,853
4914,943
4914,1181
4914,1201
4914,1287
4914,1514
4914,1610
4914,1704
4914,1798
4914,2232
4914,2405
4915,267
4915,520
4915,1620
4915,1624
4916,25
4916,698
4916,770
4916,1342
4916,1401
4916,1567
4916,1709
4916,1819
4916,2050
4916,2064
4916,2237
4916,2361
4917,23
4917,84
4917,85
4917,94
4917,199
4917,294
4917,363
4917,575
4917,643
4917,801
4917,1033
4917,2138
4917,2344
4917,2355
4917,2358
4917,2448
4918,8
4918,345
4918,842
4918,994
4918,1471
4918,1609
4918,2275
4919,153
4919,428
4919,563
4919,751
4919,1113
4919,1151
4919,1205
4919,1359
4919,1386
4919,1408
4919,1560
4919,1749
4919,1955
4919,2126
4920,79
4920,596
4920,811
4920,1295
4920,1462
4920,1835
4920,2020
4920,2059
4920,2299
4921,809
4921,835
4921,1231
4921,1458
4921,1534
4921,1544
4921,1821
4921,2000
4921,2336
4922,303
4922,451
4922,611
4922,663
4922,694
4922,751
4922,1282
4922,1296
4922,1577
4922,1911
4922,2048
4922,2428
4923,373
4923,1424
4923,1473
4923,1719
4923,1855
4923,2166
4924,102
4924,125
4924,182
4924,562
4924,659
4924,792
4924,813
4924,1242
4924,1394
4924,1411
4924,1495
4924,2351
4924,2353
4925,14
4925,402
4925,656
4925,956
4925,1311
4925,1337
4925,2495
4926,66
4926,94
4926,107
4926,557
4926,627
4926,1119
4926,1230
4926,1430
4926,1505
4926,1559
4926,2007
4926,2309
4926,2452
4926,2454
4927,906
4927,1471
4927,1572
4927,2006
4927,2054
4927,2358
4928,220
4928,251
4928,1208
4928,1575
4928,2059
4929,62
4929,501
4929,528
4929,607
4929,999
4929,1008
4929,1155
4929,1955
4929,2058
4929,2077
4929,2100
4929,2151
4929,2264
4929,2398
4929,2420
4930,136
4930,244
4930,353
4930,894
4930,1612
4930,1619
4930,1856
4930,2164
4930,2309
4930,2373
4930,2387
4930,2491
4931,177
4931,485
4931,503
4931,761
4931,1273
4931,1311
4931,1391
4931,1548
4931,1560
4931,1641
4931,1767
4931,2182
4932,842
4932,1037
4932,1248
4932,1290
4932,1494
4932,1520
4932,1638
4932,1690
4932,2073
4933,87
4933,432
4933,902
4933,967
4933,1009
4933,1255
4933,1395
4933,1436
4933,1903
4933,2313
4933,2450
4934,85
4934,123
4934,237
4934,491
4934,617
4934,648
4934,970
4934,2139
4934,2222
4934,2228
4934,2419
4934,2487
4934,2490
4935,142
4935,214
4935,246
4935,290
4935,502
4935,549
4935,1583
4935,1672
4935,1678
4935,1865
4935,1961
4935,2262
4936,355
4936,416
4936,472
4936,863
4936,882
4936,1019
4936,1021
4936,1990
4937,578
4937,693
4937,1087
4937,1119
4937,1536
4937,1550
4937,1708
4937,1735
4937,1953
4938,6
4938,67
4938,81
4938,346
4938,557
4938,564
4938,658
4938,1414
4938,1687
4938,1732
4938,2101
4938,2421
4938,2476
4939,173
4939,235
4939,241
4939,807
4939,984
4939,1056
4939,1268
4939,1392
4939,1849
4939,1926
4939,1941
4939,2234
4939,2496
4940,58
4940,169
4940,278
4940,406
4940,449
4940,683
4940,1093
4940,1389
4940,1424
4940,1518
4940,1580
4940,1589
4940,1660
4940,2170
4940,2294
4940,2347
4940,2436
4941,384
4941,694
4941,709
4941,1215
4941,1231
4941,1427
4941,1456
4941,1559
4941,1820
4942,102
4942,329
4942,722
4942,795
4942,977
4942,1066
4942,1192
4942,1246
4942,1330
4942,1424
4942,1811
4942,1990
4942,2336
4943,259
4943,353
4943,682
4943,1199
4943,2353
4943,2407
4943,2427
4944,83
4944,700
4944,719
4944,733
4944,872
4944,961
4944,1217
4944,1373
4944,1979
4944,2355
4945,38
4945,75
4945,570
4945,661
4945,673
4945,994
4945,1029
4945,1066
4945,1933
4945,1940
4945,2086
4945,2199
4946,153
4946,370
4946,400
4946,529
4946,730
4946,752
4946,760
4946,960
4946,1088
4946,1157
4946,1295
4946,1384
4946,1456
4946,1555
4946,1606
4946,1978
4946,1982
4946,2051
4946,2065
4946,2399
4947,307
4947,384
4947,470
4947,547
4947,893
4947,1552
4947,1615
4947,1686
4947,1747
4947,1933
4948,61
4948,570
4948,572
4948,662
4948,806
4948,908
4948,1063
4948,1789
4948,2031
4948,2179
4948,2327
4948,2329
4949,101
4949,116
4949,573
4949,1288
4949,1544
4949,1580
4949,1927
4949,2210
4950,220
4950,816
4950,1324
4950,1628
4950,1838
4950,2041
4950,2121
4950,2176
4950,2258
4951,58
4951,295
4951,568
4951,935
4951,948
4951,1359
4951,1567
4951,1650
4951,1859
4951,2170
4951,2398
4952,89
4952,132
4952,194
4952,353
4952,372
4952,750
4952,942
4952,1199
4952,1460
4952,1734
4952,2235
4953,47
4953,539
4953,684
4953,717
4953,791
4953,1293
4953,1641
4953,1842
4953,2088
4953,2426
4954,178
4954,1037
4954,1078
4954,1372
4954,1935
4954,2109
4954,2238
4955,281
4955,482
4955,614
4955,1495
4955,1817
4955,2072
4955,2161
4956,257
4956,545
4956,745
4956,1079
4956,1401
4956,1694
4956,1823
4956,1920
4957,52
4957,95
4957,108
4957,289
4957,628
4957,629
4957,754
4957,1799
4957,1951
4957,2112
4957,2441
4958,188
4958,291
4958,485
4958,545
4958,1503
4958,1557
4958,1810
4958,2231
4958,2241
4958,2255
4959,38
4959,120
4959,340
4959,547
4959,769
4959,853
4959,1319
4959,1493
4959,1562
4959,1878
4959,2053
4959,2159
4959,2249
4960,1131
4960,1222
4960,1439
4960,1444
4960,2262
4960,2486
4961,1
4961,301
4961,723
4961,735
4961,1076
4961,1142
4961,1952
4961,2199
4962,441
4962,575
4962,654
4962,716
4962,734
4962,984
4962,1012
4962,1393
4962,1890
4963,16
4963,127
4963,129
4963,368
4963,482
4963,888
4963,1164
4963,1720
4963,1836
4963,2203
4963,2310
4963,2402
4964,263
4964,476
4964,663
4964,780
4964,1021
4964,1148
4964,1594
4964,2028
4964,2115
4964,2431
4965,1323
4965,1404
4965,1499
4965,1635
4965,1794
4965,2202
4965,2370
4966,225
4966,317
4966,1155
4966,1352
4966,2012
4966,2054
4966,2063
4966,2087
4966,2281
4966,2327
4966,2472
4967,626
4967,868
4967,896
4967,1324
4967,1480
4967,1525
4967,1638
4967,1794
4967,2145
4968,41
4968,54
4968,93
4968,238
4968,273
4968,326
4968,1187
4969,310
4969,339
4969,521
4969,532
4969,556
4969,902
4969,935
4969,1418
4969,1704
4969,2395
4970,6
4970,66
4970,175
4970,440
4970,454
4970,775
4970,814
4970,1162
4970,2137
4970,2365
4970,2477
4971,41
4971,302
4971,441
4971,1716
4971,1987
4971,2178
4971,2318
4972,35
4972,210
4972,416
4972,749
4972,1098
4972,1221
4972,1391
4972,1824
4972,1852
4972,2447
4973,92
4973,236
4973,390
4973,1649
4973,2122
4973,2163
4973,2201
4973,2306
4974,228
4974,369
4974,604
4974,724
4974,973
4974,1391
4974,1408
4974,1455
4974,1777
4974,2150
4974,2253
4974,2300
4974,2492
4974,2493
4975,327
4975,446
4975,594
4975,669
4975,1027
4975,1856
4975,2257
4975,2282
4975,2493
4976,180
4976,320
4976,773
4976,1006
4976,1102
4976,1484
4976,1619
4976,2001
4976,2244
4976,2486
4977,247
4977,524
4977,1142
4977,1274
4977,1421
4977,1448
4977,1632
4977,1697
4977,2372
4978,249
4978,896
4978,1270
4978,1813
4978,2035
4979,354
4979,615
4979,631
4979,681
4979,699
4979,1447
4979,1597
4979,1610
4979,2147
4979,2171
4980,297
4980,889
4980,1254
4980,1406
4980,1475
4980,1643
4980,1769
4980,2169
4980,2227
4980,2433
4980,2473
4981,155
4981,874
4981,1211
4981,1704
4981,1786
4981,1955
4981,2259
4981,2345
4981,2357
4982,156
4982,197
4982,235
4982,275
4982,347
4982,402
4982,795
4982,1117
4982,1167
4982,1177
4982,1686
4982,1828
4982,1956
4982,1988
4982,2193
4982,2401
4983,400
4983,565
4983,1101
4983,1439
4983,1456
4983,1662
4983,1776
4983,2259
4984,154
4984,942
4984,1504
4984,1829
4984,2263
4985,175
4985,513
4985,552
4985,635
4985,649
4985,773
4985,779
4985,1294
4985,1467
4985,1872
4985,2230
4985,2272
4985,2394
4986,21
4986,33
4986,171
4986,680
4986,1812
4986,2117
4986,2192
4986,2281
4986,2342
4987,777
4987,779
4987,851
4987,957
4987,1023
4987,1026
4987,1402
4987,1630
4987,2102
4987,2114
4987,2234
4988,341
4988,359
4988,668
4988,687
4988,897
4988,1434
4988,1633
4988,2085
4988,2116
4988,2286
4988,2452
4989,24
4989,62
4989,225
4989,467
4989,627
4989,633
4989,673
4989,779
4989,854
4989,1013
4989,1403
4989,1436
4989,1552
4989,1776
4989,1944
4989,2042
4989,2371
4989,2434
4990,174
4990,555
4990,638
4990,686
4990,751
4990,905
4990,961
4990,1202
4990,1533
4990,1647
4990,2158
4990,2270
4990,2362
4991,505
4991,1230
4991,1721
4991,1723
4991,1768
4991,1993
4991,2037
4991,2038
4991,2067
4991,2083
4991,2347
4991,2385
4992,143
4992,315
4992,487
4992,516
4992,517
4992,524
4992,794
4992,826
4992,1056
4992,1249
4992,1531
4992,1583
4992,1835
4992,2128
4993,98
4993,309
4993,526
4993,731
4993,801
4993,1107
4993,1220
4993,1280
4993,1310
4993,1470
4993,1495
4993,1650
4993,2312
4993,2428
4994,136
4994,538
4994,799
4994,971
4994,1436
4994,1835
4994,2061
4994,2067
4994,2312
4994,2413
4994,2470
4995,485
4995,593
4995,1102
4995,1115
4995,1157
4995,1233
4995,1425
4995,1761
4995,1835
4995,1956
4996,151
4996,328
4996,525
4996,650
4996,667
4996,1215
4996,1376
4996,1909
4996,1951
4996,1964
4996,2192
4996,2200
4997,516
4997,970
4997,1064
4997,1207
4997,2100
4998,347
4998,352
4998,387
4998,415
4998,632
4998,811
4998,977
4998,1117
4998,1326
4998,1594
4998,2028
4998,2165
4998,2351
4999,159
4999,201
4999,677
4999,790
4999,1057
4999,1126
4999,1319
4999,1585
4999,2075
4999,2329
5000,186
5000,332
5000,802
5000,1119
5000,1940
5000,2172
5000,2332
