Doc,Year
1,1994
2,1994
3,1990
4,2004
5,2013
6,2004
7,1995
8,2014
9,2013
10,2003
11,2010
12,2000
13,2008
14,2013
15,2005
16,1991
17,1997
18,2008
19,1997
20,2013
21,1999
22,2010
23,2014
24,2002
25,2005
26,1990
27,2003
28,1991
29,1997
30,2003
31,1996
32,2004
33,2010
34,1998
35,1993
36,2008
37,2012
38,2000
39,2007
40,2011
41,2014
42,2003
43,1998
44,2009
45,2003
46,1990
47,2010
48,2012
49,2008
50,1995
51,2010
52,1995
53,1990
54,2012
55,2007
56,2005
57,2014
58,1995
59,2009
60,1996
61,2010
62,1992
63,2010
64,2005
65,2001
66,1990
67,2001
68,1998
69,2001
70,1995
71,1996
72,2002
73,2010
74,2006
75,1996
76,2001
77,2007
78,1993
79,1998
80,2000
81,2000
82,1996
83,2007
84,2001
85,1995
86,2001
87,1993
88,1994
89,2006
90,2014
91,2000
92,2004
93,1992
94,1998
95,1996
96,2003
97,2000
98,2007
99,2013
100,2013
101,2013
102,1997
103,2002
104,2008
105,2013
106,2008
107,1996
108,2005
109,2014
110,2005
111,1993
112,1999
113,2013
114,2010
115,2012
116,1993
117,1997
118,1993
119,1997
120,1990
121,1992
122,2009
123,2006
124,1996
125,1994
126,2013
127,2011
128,2005
129,2007
130,2010
131,2005
132,2005
133,1994
134,1993
135,2001
136,1992
137,2011
138,2007
139,2010
140,2012
141,1999
142,1990
143,1997
144,1997
145,2012
146,1996
147,2002
148,1996
149,1999
150,2009
151,1997
152,2004
153,2006
154,1990
155,2010
156,2010
157,2013
158,2007
159,2000
160,2006
161,2004
162,1991
163,1998
164,2008
165,1994
166,2011
167,2012
168,1992
169,2006
170,2009
171,1992
172,1992
173,2009
174,1999
175,2002
176,2007
177,2005
178,2014
179,2013
180,1992
181,2011
182,1997
183,2006
184,2002
185,1998
186,2003
187,1997
188,1998
189,1995
190,2010
191,1991
192,2011
193,2011
194,2002
195,2004
196,1992
197,2000
198,2004
199,1996
200,1993
201,1998
202,1998
203,1996
204,1993
205,2009
206,2010
207,2012
208,2002
209,2009
210,2010
211,2006
212,2007
213,1995
214,1997
215,1994
216,2003
217,2010
218,2004
219,2013
220,1993
221,1999
222,1990
223,2014
224,1997
225,2002
226,2006
227,2001
228,2012
229,1997
230,2007
231,1993
232,2005
233,1993
234,1999
235,2010
236,2014
237,1994
238,2007
239,2001
240,1990
241,2005
242,1992
243,2008
244,2010
245,2001
246,2014
247,2000
248,1999
249,2003
250,1998
251,2002
252,2012
253,1998
254,2003
255,1996
256,2012
257,1996
258,2007
259,2012
260,2003
261,2002
262,1990
263,1996
264,2007
265,2001
266,1991
267,2006
268,2005
269,2011
270,1995
271,2007
272,2001
273,1999
274,2000
275,1998
276,2011
277,2000
278,2008
279,1995
280,1990
281,1991
282,2009
283,2013
284,2002
285,1999
286,1996
287,2001
288,2006
289,2014
290,1998
291,1994
292,2003
293,2000
294,2000
295,1995
296,2011
297,2004
298,2011
299,2003
300,2002
301,1993
302,1996
303,2013
304,2003
305,2006
306,1998
307,1999
308,1993
309,1991
310,2006
311,1994
312,1994
313,2002
314,1994
315,2008
316,2011
317,2002
318,1995
319,2002
320,2001
321,2003
322,2009
323,2014
324,1991
325,1996
326,1996
327,2012
328,2012
329,1995
330,2001
331,1999
332,1998
333,2007
334,1999
335,2011
336,2000
337,2007
338,1995
339,2006
340,2010
341,2013
342,2012
343,1992
344,2000
345,1993
346,2010
347,1997
348,2005
349,1990
350,2011
351,1994
352,2006
353,2007
354,1993
355,2009
356,1991
357,2002
358,2006
359,2013
360,2007
361,1994
362,1998
363,1990
364,2011
365,2009
366,2012
367,1999
368,2002
369,1994
370,1990
371,1999
372,1993
373,2014
374,2001
375,2003
376,1992
377,1999
378,2012
379,2007
380,2001
381,2011
382,2011
383,1994
384,2005
385,1992
386,2013
387,2006
388,2004
389,2005
390,2005
391,1998
392,2009
393,1990
394,1998
395,2008
396,2009
397,1995
398,1992
399,1996
400,2000
401,1994
402,2008
403,2003
404,1995
405,1994
406,1993
407,1997
408,2005
409,1993
410,1991
411,1992
412,1991
413,1990
414,1996
415,2006
416,1994
417,1995
418,1998
419,2010
420,2012
421,2013
422,1993
423,2008
424,1990
425,2001
426,2001
427,2009
428,2009
429,2005
430,1993
431,1994
432,2011
433,2011
434,2009
435,1991
436,1992
437,2014
438,2000
439,2008
440,1992
441,2004
442,2010
443,1993
444,2004
445,1993
446,2012
447,2010
448,2000
449,1995
450,2005
451,1997
452,1995
453,2010
454,1991
455,1995
456,1998
457,2004
458,2014
459,1992
460,1997
461,1994
462,1998
463,1993
464,1992
465,1994
466,1997
467,1995
468,1996
469,2009
470,1990
471,2000
472,1998
473,2012
474,2006
475,2014
476,1990
477,2003
478,2009
479,2001
480,2008
481,2001
482,2010
483,1990
484,1998
485,2013
486,1995
487,2007
488,2003
489,1996
490,2011
491,2012
492,2001
493,1997
494,1992
495,2005
496,2003
497,1999
498,2010
499,2009
500,1996
501,2012
502,1997
503,2004
504,2009
505,2013
506,2004
507,2012
508,2001
509,2000
510,2000
511,1996
512,2014
513,1995
514,1996
515,1997
516,1994
517,2003
518,1991
519,2009
520,2009
521,1990
522,2008
523,1997
524,1999
525,2010
526,1990
527,2012
528,1997
529,2010
530,2009
531,2003
532,2010
533,1991
534,1992
535,2004
536,1991
537,2008
538,2001
539,2004
540,1996
541,2011
542,2012
543,1995
544,1994
545,1993
546,2002
547,2000
548,2008
549,2004
550,1994
551,2004
552,2006
553,2014
554,2014
555,1990
556,2009
557,2014
558,2012
559,1991
560,2009
561,2008
562,2006
563,2006
564,2011
565,2011
566,1996
567,2012
568,2004
569,2009
570,2003
571,2010
572,2008
573,2000
574,1992
575,2012
576,2005
577,2005
578,1997
579,1998
580,1996
581,2003
582,1990
583,2012
584,2002
585,2014
586,2012
587,1996
588,2013
589,2011
590,2000
591,2009
592,2005
593,1993
594,2001
595,2003
596,2014
597,2007
598,2003
599,2006
600,2003
601,1991
602,2003
603,1996
604,2004
605,2006
606,1993
607,1994
608,1996
609,2000
610,2005
611,2004
612,1990
613,2005
614,2001
615,2002
616,2004
617,2000
618,2011
619,2004
620,1996
621,1998
622,1998
623,2013
624,2001
625,2009
626,2004
627,2003
628,2003
629,1992
630,1994
631,1992
632,1995
633,2009
634,1998
635,2009
636,2000
637,2002
638,1991
639,2008
640,2014
641,2008
642,1997
643,1990
644,1998
645,2010
646,2004
647,2014
648,1997
649,2000
650,2003
651,2006
652,2010
653,2013
654,2004
655,1999
656,2008
657,1995
658,2012
659,1998
660,1997
661,1993
662,2000
663,2005
664,2012
665,2009
666,1999
667,1998
668,1998
669,2002
670,1993
671,1999
672,1995
673,2001
674,2001
675,2003
676,1998
677,1991
678,2004
679,2006
680,2003
681,1994
682,1997
683,2001
684,1995
685,2013
686,2010
687,2013
688,1994
689,2007
690,1998
691,2003
692,2010
693,2009
694,1993
695,2007
696,2005
697,2005
698,1992
699,1990
700,1992
701,1996
702,1999
703,1998
704,2009
705,2013
706,2013
707,1992
708,2014
709,2005
710,2010
711,2004
712,2011
713,1992
714,1990
715,1991
716,1993
717,2010
718,1991
719,1999
720,2004
721,2000
722,2012
723,1999
724,1994
725,1993
726,1994
727,2011
728,2010
729,1998
730,2011
731,2012
732,2004
733,1997
734,1997
735,1998
736,1995
737,1996
738,2003
739,1996
740,2013
741,1998
742,2011
743,2009
744,2003
745,2013
746,2011
747,2006
748,2011
749,2012
750,1992
751,2000
752,1997
753,1991
754,2012
755,2003
756,1994
757,1993
758,1999
759,1991
760,2001
761,1997
762,2014
763,1993
764,2007
765,1998
766,2003
767,2012
768,2006
769,1991
770,1994
771,2004
772,2002
773,1992
774,1999
775,1990
776,1992
777,1997
778,2008
779,2013
780,1994
781,2010
782,1999
783,2004
784,2011
785,1998
786,1994
787,1993
788,2001
789,2004
790,1994
791,2014
792,2013
793,1995
794,1992
795,2005
796,2004
797,2006
798,2005
799,1995
800,2009
801,2011
802,2012
803,1996
804,2013
805,1998
806,1998
807,1992
808,2005
809,1991
810,1991
811,2011
812,2013
813,2002
814,2000
815,2010
816,2010
817,2007
818,2013
819,1998
820,1996
821,1994
822,1997
823,1996
824,2000
825,2002
826,2014
827,1991
828,1995
829,2004
830,1998
831,2014
832,2000
833,1995
834,1996
835,2000
836,2003
837,2004
838,2002
839,1995
840,2008
841,2003
842,1994
843,2006
844,1992
845,2006
846,2003
847,2014
848,1998
849,2001
850,1997
851,2006
852,2006
853,2007
854,2013
855,1993
856,1994
857,2012
858,1994
859,2001
860,2001
861,2002
862,2000
863,2013
864,2010
865,2008
866,1998
867,2000
868,1998
869,2010
870,2006
871,1993
872,2001
873,2010
874,2011
875,2003
876,2001
877,2000
878,2003
879,2010
880,2013
881,2012
882,2003
883,2004
884,2004
885,2001
886,2009
887,2010
888,2000
889,1990
890,1996
891,2013
892,2003
893,2007
894,2011
895,1998
896,2000
897,1994
898,2010
899,2010
900,1990
901,2001
902,1990
903,2001
904,1998
905,2012
906,1991
907,2012
908,1997
909,2004
910,2009
911,1995
912,2002
913,1997
914,2012
915,1993
916,2011
917,2008
918,1991
919,1996
920,2009
921,1997
922,1995
923,1997
924,1991
925,1991
926,2007
927,2004
928,1996
929,2002
930,2001
931,1998
932,1991
933,2004
934,2011
935,2001
936,2001
937,2012
938,1998
939,2010
940,2004
941,1994
942,1992
943,1993
944,2002
945,1991
946,1996
947,1998
948,2010
949,1999
950,2006
951,2004
952,2007
953,2011
954,2013
955,2010
956,2013
957,2007
958,2001
959,1996
960,1996
961,1990
962,2006
963,1999
964,2004
965,2002
966,2011
967,1992
968,2001
969,1996
970,2012
971,1992
972,2003
973,1991
974,1995
975,1990
976,1993
977,2004
978,2000
979,1990
980,2013
981,1993
982,2004
983,2007
984,1990
985,2004
986,2005
987,1990
988,1998
989,1991
990,1998
991,2004
992,1991
993,2014
994,1991
995,2007
996,2003
997,2014
998,2009
999,1991
1000,1995
1001,2008
1002,1994
1003,2008
1004,2010
1005,2001
1006,2010
1007,1990
1008,1992
1009,1997
1010,1990
1011,1991
1012,2001
1013,2006
1014,2010
1015,2003
1016,1997
1017,2000
1018,2005
1019,2005
1020,2002
1021,2013
1022,1996
1023,2005
1024,2014
1025,1997
1026,1998
1027,2002
1028,1996
1029,1992
1030,2005
1031,2004
1032,2013
1033,2011
1034,1999
1035,2010
1036,1998
1037,1997
1038,2010
1039,2000
1040,2006
1041,2012
1042,2003
1043,1994
1044,2003
1045,1999
1046,2007
1047,2010
1048,2009
1049,1997
1050,2002
1051,1998
1052,1997
1053,2010
1054,2014
1055,1996
1056,1993
1057,1999
1058,2010
1059,2001
1060,2003
1061,2001
1062,1992
1063,2001
1064,1997
1065,2004
1066,1996
1067,2007
1068,2011
1069,1993
1070,1993
1071,2004
1072,1990
1073,2008
1074,2009
1075,2003
1076,1992
1077,2001
1078,2000
1079,2014
1080,2011
1081,2014
1082,1997
1083,1993
1084,2010
1085,1998
1086,2000
1087,1990
1088,2007
1089,1997
1090,2003
1091,1996
1092,2008
1093,2006
1094,2009
1095,1993
1096,1997
1097,1991
1098,2010
1099,1995
1100,1996
1101,1990
1102,2009
1103,1997
1104,2009
1105,2003
1106,2012
1107,2013
1108,1992
1109,2000
1110,2012
1111,1990
1112,1999
1113,1995
1114,1993
1115,1994
1116,2005
1117,2005
1118,1996
1119,1998
1120,2013
1121,2010
1122,2006
1123,2006
1124,2003
1125,2000
1126,2011
1127,2010
1128,2003
1129,2007
1130,1992
1131,2010
1132,2007
1133,2011
1134,1992
1135,2003
1136,2002
1137,2014
1138,2002
1139,2006
1140,2001
1141,1999
1142,2006
1143,2011
1144,2006
1145,2009
1146,1992
1147,1997
1148,2002
1149,1999
1150,2007
1151,2000
1152,1996
1153,1998
1154,1993
1155,2009
1156,2008
1157,1990
1158,2006
1159,1999
1160,2009
1161,2008
1162,1994
1163,2003
1164,2006
1165,1998
1166,1992
1167,1993
1168,1999
1169,2006
1170,2009
1171,2011
1172,1990
1173,2000
1174,2009
1175,2009
1176,1997
1177,2011
1178,1991
1179,2011
1180,1997
1181,2010
1182,1996
1183,2003
1184,1993
1185,2001
1186,1999
1187,2013
1188,2003
1189,1992
1190,1997
1191,1997
1192,2010
1193,2001
1194,2013
1195,2002
1196,2011
1197,1990
1198,2007
1199,1996
1200,2006
1201,2004
1202,1992
1203,2008
1204,1991
1205,2011
1206,2004
1207,1998
1208,2009
1209,2007
1210,1994
1211,1994
1212,2002
1213,2002
1214,2007
1215,2005
1216,2014
1217,1994
1218,2006
1219,2004
1220,1996
1221,2013
1222,2012
1223,1994
1224,2002
1225,2012
1226,2008
1227,1998
1228,2012
1229,2002
1230,2006
1231,2005
1232,1991
1233,2008
1234,2000
1235,1993
1236,2006
1237,1992
1238,2003
1239,2001
1240,2009
1241,2008
1242,2007
1243,1997
1244,1997
1245,2001
1246,2014
1247,1998
1248,2005
1249,2005
1250,2013
1251,2014
1252,2006
1253,2012
1254,1995
1255,1995
1256,2009
1257,2013
1258,2003
1259,2008
1260,2000
1261,1995
1262,2000
1263,2004
1264,1990
1265,2010
1266,2007
1267,2009
1268,2014
1269,1995
1270,1997
1271,2009
1272,1990
1273,2014
1274,1993
1275,2000
1276,2000
1277,1992
1278,2008
1279,1993
1280,2010
1281,2008
1282,1992
1283,2003
1284,2005
1285,1997
1286,2008
1287,2001
1288,1997
1289,1996
1290,1996
1291,2009
1292,2003
1293,2006
1294,1998
1295,2006
1296,2004
1297,1992
1298,2000
1299,2003
1300,1998
1301,2007
1302,1997
1303,2000
1304,2008
1305,2000
1306,2010
1307,1993
1308,2005
1309,2006
1310,1996
1311,2002
1312,1999
1313,2000
1314,1990
1315,1992
1316,2009
1317,2008
1318,2003
1319,1991
1320,1991
1321,2010
1322,2013
1323,2007
1324,2003
1325,1998
1326,1998
1327,1992
1328,2001
1329,2010
1330,2008
1331,2009
1332,2004
1333,1990
1334,1996
1335,1997
1336,2003
1337,1992
1338,2002
1339,1995
1340,2008
1341,2009
1342,2007
1343,1994
1344,1994
1345,2007
1346,1996
1347,1991
1348,2002
1349,2012
1350,1992
1351,2003
1352,2009
1353,1992
1354,1995
1355,1997
1356,2001
1357,2005
1358,2002
1359,2012
1360,2000
1361,1995
1362,2008
1363,2014
1364,1997
1365,2014
1366,1998
1367,2012
1368,1993
1369,2011
1370,1992
1371,2013
1372,2007
1373,2011
1374,1993
1375,2013
1376,2005
1377,2001
1378,2014
1379,1992
1380,1998
1381,1994
1382,2006
1383,1994
1384,1996
1385,2013
1386,2002
1387,2009
1388,2004
1389,1991
1390,2006
1391,2014
1392,1998
1393,2001
1394,1991
1395,2005
1396,2001
1397,2001
1398,2005
1399,2006
1400,1999
1401,2009
1402,2005
1403,1991
1404,2006
1405,2010
1406,1992
1407,1996
1408,1996
1409,1991
1410,1999
1411,2007
1412,1997
1413,1992
1414,2011
1415,2006
1416,1990
1417,2000
1418,2000
1419,2004
1420,2001
1421,1992
1422,2006
1423,2011
1424,2005
1425,2009
1426,2004
1427,1991
1428,1995
1429,1994
1430,2010
1431,2005
1432,2013
1433,2002
1434,2008
1435,2004
1436,1997
1437,2012
1438,2013
1439,2005
1440,1991
1441,1997
1442,1997
1443,1998
1444,2001
1445,1994
1446,2014
1447,2001
1448,2004
1449,2002
1450,1991
1451,1993
1452,2006
1453,2009
1454,2014
1455,1996
1456,2003
1457,2003
1458,2000
1459,2010
1460,2007
1461,1995
1462,2002
1463,2008
1464,2007
1465,1998
1466,1999
1467,1991
1468,1995
1469,1997
1470,2006
1471,1996
1472,2006
1473,2014
1474,2005
1475,1992
1476,1993
1477,2006
1478,2004
1479,2009
1480,1993
1481,2007
1482,2014
1483,2009
1484,2003
1485,2014
1486,1991
1487,1991
1488,2004
1489,2003
1490,2013
1491,1999
1492,2008
1493,2001
1494,1992
1495,2002
1496,2009
1497,2001
1498,2003
1499,1991
1500,2009
1501,1994
1502,1998
1503,2000
1504,1995
1505,1990
1506,2005
1507,2000
1508,2008
1509,1994
1510,1995
1511,2012
1512,2013
1513,1996
1514,2008
1515,2001
1516,1995
1517,2011
1518,2002
1519,2010
1520,1999
1521,2002
1522,1996
1523,1994
1524,2013
1525,1998
1526,2006
1527,2009
1528,2009
1529,1994
1530,2013
1531,2005
1532,2001
1533,1996
1534,1993
1535,2006
1536,1998
1537,2008
1538,1994
1539,1991
1540,2014
1541,2001
1542,1990
1543,2012
1544,2007
1545,2011
1546,1998
1547,2013
1548,2007
1549,2012
1550,2010
1551,1994
1552,2001
1553,1991
1554,1998
1555,2002
1556,2001
1557,1992
1558,1996
1559,1995
1560,1998
1561,1996
1562,2013
1563,2009
1564,2002
1565,1993
1566,2003
1567,2012
1568,2011
1569,2007
1570,1991
1571,2012
1572,1993
1573,1991
1574,2009
1575,2010
1576,2012
1577,1994
1578,2010
1579,2007
1580,1993
1581,2007
1582,2013
1583,2004
1584,2010
1585,1998
1586,1991
1587,1996
1588,2000
1589,2000
1590,2004
1591,2009
1592,2006
1593,2002
1594,2005
1595,1996
1596,2005
1597,1995
1598,1993
1599,2003
1600,2014
1601,1994
1602,2000
1603,1992
1604,1998
1605,1996
1606,1990
1607,1997
1608,2002
1609,2012
1610,1991
1611,2005
1612,2007
1613,2014
1614,1996
1615,2002
1616,1998
1617,1998
1618,2009
1619,2010
1620,2008
1621,1998
1622,2006
1623,2001
1624,2012
1625,1997
1626,2007
1627,2004
1628,2002
1629,2013
1630,1994
1631,2004
1632,1994
1633,2006
1634,2008
1635,2002
1636,2012
1637,2008
1638,2012
1639,2001
1640,2008
1641,2013
1642,1991
1643,2000
1644,1990
1645,1997
1646,2012
1647,2000
1648,2007
1649,2008
1650,1995
1651,2002
1652,1993
1653,2012
1654,2014
1655,1990
1656,1996
1657,2008
1658,2006
1659,2010
1660,2006
1661,2012
1662,1999
1663,2013
1664,2003
1665,1993
1666,2000
1667,2002
1668,2013
1669,1999
1670,2013
1671,2006
1672,1998
1673,2014
1674,1993
1675,1998
1676,1999
1677,1993
1678,2010
1679,1991
1680,2011
1681,1990
1682,2006
1683,1992
1684,2014
1685,2005
1686,1992
1687,1997
1688,2000
1689,2011
1690,1993
1691,1994
1692,2008
1693,2004
1694,1992
1695,1997
1696,2009
1697,2004
1698,2009
1699,2008
1700,2014
1701,2010
1702,2001
1703,1999
1704,2011
1705,2007
1706,2007
1707,1995
1708,2010
1709,2002
1710,1999
1711,2008
1712,2004
1713,1990
1714,2010
1715,2006
1716,2007
1717,1990
1718,2013
1719,1994
1720,2011
1721,1993
1722,1998
1723,2006
1724,2008
1725,2002
1726,1990
1727,2002
1728,1992
1729,2012
1730,1997
1731,1993
1732,2007
1733,2011
1734,2002
1735,2003
1736,2003
1737,1996
1738,2009
1739,1998
1740,2010
1741,1995
1742,1993
1743,2001
1744,1997
1745,2014
1746,1992
1747,1991
1748,2014
1749,1991
1750,1995
1751,2012
1752,1996
1753,2006
1754,2003
1755,2014
1756,1993
1757,2006
1758,2004
1759,1997
1760,2003
1761,2013
1762,2000
1763,1995
1764,2009
1765,2012
1766,2008
1767,1997
1768,1995
1769,2004
1770,2007
1771,1990
1772,2011
1773,2013
1774,2002
1775,1993
1776,2012
1777,2006
1778,1996
1779,2013
1780,2007
1781,2002
1782,2010
1783,2014
1784,1993
1785,2000
1786,1990
1787,1998
1788,1991
1789,2006
1790,2006
1791,2004
1792,2005
1793,1991
1794,2011
1795,2001
1796,1991
1797,2007
1798,2011
1799,1996
1800,1996
1801,2005
1802,1999
1803,1995
1804,2003
1805,2013
1806,2000
1807,2000
1808,2004
1809,2007
1810,1998
1811,1999
1812,1994
1813,1995
1814,2000
1815,1999
1816,2006
1817,2000
1818,2007
1819,2009
1820,1994
1821,1998
1822,2001
1823,2011
1824,2002
1825,1997
1826,1997
1827,2003
1828,2014
1829,1995
1830,2011
1831,1998
1832,2011
1833,1997
1834,2003
1835,1999
1836,1995
1837,2013
1838,2012
1839,2010
1840,2005
1841,1997
1842,1994
1843,2011
1844,2003
1845,2004
1846,1995
1847,1996
1848,1991
1849,1990
1850,1990
1851,1997
1852,2000
1853,2003
1854,1993
1855,2012
1856,2011
1857,2003
1858,2002
1859,2010
1860,2008
1861,2001
1862,1993
1863,2004
1864,2008
1865,2006
1866,1991
1867,1991
1868,2007
1869,2013
1870,2011
1871,1997
1872,1995
1873,1992
1874,1996
1875,2010
1876,2008
1877,2003
1878,1991
1879,2011
1880,2003
1881,1994
1882,1994
1883,1991
1884,2007
1885,1997
1886,1990
1887,2005
1888,2010
1889,2003
1890,2001
1891,2006
1892,1991
1893,2004
1894,1995
1895,2009
1896,1998
1897,1996
1898,2010
1899,1990
1900,1996
1901,2008
1902,1999
1903,2004
1904,2012
1905,2005
1906,1999
1907,2005
1908,1994
1909,2003
1910,2002
1911,2009
1912,2009
1913,2008
1914,2010
1915,2003
1916,1990
1917,2011
1918,1994
1919,2013
1920,2001
1921,2005
1922,2006
1923,2002
1924,1996
1925,2011
1926,1998
1927,2004
1928,1995
1929,1996
1930,2006
1931,2003
1932,2014
1933,1991
1934,1992
1935,2014
1936,2006
1937,2002
1938,2004
1939,2012
1940,1990
1941,1993
1942,2007
1943,2009
1944,2011
1945,2002
1946,1999
1947,2014
1948,1998
1949,2003
1950,2014
1951,2011
1952,1993
1953,2005
1954,1998
1955,2002
1956,2003
1957,2007
1958,1991
1959,2010
1960,1990
1961,2010
1962,1999
1963,1991
1964,2011
1965,2001
1966,1990
1967,2004
1968,1990
1969,2007
1970,2002
1971,1992
1972,2012
1973,1994
1974,2013
1975,2011
1976,2008
1977,1998
1978,2012
1979,1994
1980,2011
1981,2011
1982,1990
1983,1990
1984,2003
1985,1999
1986,2004
1987,1993
1988,1993
1989,2007
1990,2014
1991,1993
1992,2002
1993,2000
1994,1996
1995,2000
1996,2013
1997,1997
1998,1990
1999,2014
2000,2014
2001,2004
2002,1991
2003,2011
2004,2010
2005,1990
2006,2009
2007,2003
2008,1998
2009,2006
2010,2007
2011,1994
2012,2002
2013,2008
2014,1996
2015,1992
2016,1994
2017,2010
2018,1996
2019,1997
2020,2003
2021,1997
2022,2002
2023,1992
2024,2007
2025,2008
2026,2003
2027,2007
2028,1992
2029,2005
2030,2006
2031,1993
2032,1994
2033,2008
2034,1992
2035,2014
2036,2010
2037,2011
2038,2004
2039,1993
2040,2003
2041,1997
2042,1999
2043,1992
2044,1990
2045,2008
2046,1995
2047,1996
2048,2005
2049,2003
2050,2003
2051,1995
2052,2012
2053,1992
2054,1998
2055,2004
2056,2012
2057,2011
2058,1996
2059,1990
2060,2001
2061,1990
2062,1993
2063,2007
2064,2010
2065,1995
2066,2008
2067,2005
2068,1992
2069,1997
2070,2010
2071,2005
2072,2004
2073,1996
2074,2007
2075,2006
2076,2014
2077,2014
2078,2012
2079,2005
2080,2002
2081,2002
2082,2010
2083,1999
2084,2006
2085,1995
2086,1990
2087,2004
2088,1993
2089,1999
2090,2004
2091,2006
2092,2001
2093,2009
2094,1998
2095,1996
2096,1990
2097,1993
2098,2013
2099,1994
2100,2001
2101,2008
2102,2011
2103,1992
2104,1991
2105,2005
2106,2011
2107,1991
2108,2005
2109,2010
2110,2008
2111,1994
2112,2000
2113,2005
2114,2006
2115,1991
2116,2011
2117,2008
2118,2005
2119,2014
2120,1994
2121,1996
2122,2006
2123,2005
2124,1991
2125,1991
2126,2011
2127,1993
2128,1995
2129,2009
2130,1997
2131,2008
2132,2004
2133,1995
2134,2010
2135,2006
2136,2010
2137,2006
2138,2009
2139,2002
2140,2004
2141,2002
2142,2007
2143,2014
2144,1994
2145,2000
2146,1992
2147,1992
2148,1993
2149,2008
2150,1994
2151,1998
2152,1991
2153,2012
2154,2013
2155,1992
2156,2013
2157,2012
2158,1997
2159,1995
2160,2008
2161,2006
2162,2013
2163,1998
2164,2011
2165,2009
2166,1991
2167,2009
2168,2002
2169,2010
2170,1996
2171,1993
2172,1999
2173,2013
2174,1992
2175,2005
2176,1998
2177,1995
2178,2008
2179,2004
2180,1990
2181,2012
2182,2012
2183,1991
2184,2009
2185,2012
2186,1996
2187,2007
2188,2009
2189,2003
2190,1990
2191,2005
2192,1995
2193,2013
2194,1990
2195,1993
2196,2007
2197,1991
2198,2012
2199,1997
2200,2013
2201,1994
2202,2000
2203,1997
2204,1994
2205,2005
2206,2012
2207,2005
2208,2012
2209,2007
2210,1996
2211,2012
2212,2004
2213,1993
2214,2013
2215,1998
2216,1992
2217,1996
2218,1993
2219,2014
2220,2012
2221,1993
2222,2004
2223,1994
2224,1993
2225,2004
2226,1997
2227,2011
2228,2007
2229,1997
2230,1995
2231,2005
2232,2003
2233,2007
2234,2014
2235,2007
2236,1997
2237,2013
2238,1999
2239,1994
2240,2006
2241,2005
2242,1991
2243,1997
2244,2010
2245,1992
2246,2008
2247,1990
2248,2000
2249,2013
2250,2014
2251,1997
2252,1991
2253,2005
2254,2001
2255,1996
2256,1996
2257,2009
2258,1994
2259,2013
2260,1993
2261,1999
2262,2005
2263,2006
2264,1992
2265,2004
2266,2000
2267,2001
2268,2002
2269,2010
2270,2006
2271,1995
2272,2002
2273,2009
2274,2003
2275,2000
2276,2013
2277,1996
2278,2000
2279,1999
2280,1994
2281,2001
2282,2006
2283,1997
2284,1991
2285,1993
2286,2003
2287,1997
2288,2014
2289,2008
2290,1995
2291,1994
2292,1994
2293,2010
2294,2010
2295,1998
2296,2001
2297,1995
2298,2010
2299,1990
2300,1992
2301,2001
2302,1996
2303,2007
2304,1997
2305,2011
2306,1992
2307,1996
2308,1994
2309,2004
2310,2005
2311,2000
2312,1990
2313,1998
2314,2007
2315,1991
2316,2003
2317,1997
2318,1998
2319,2004
2320,1992
2321,2005
2322,2008
2323,1999
2324,2000
2325,2003
2326,2007
2327,2013
2328,2011
2329,2002
2330,2013
2331,2013
2332,1990
2333,1996
2334,2005
2335,1998
2336,1992
2337,2009
2338,2004
2339,1998
2340,1998
2341,1994
2342,2008
2343,1998
2344,2004
2345,2000
2346,2001
2347,1993
2348,2010
2349,2009
2350,2007
2351,2014
2352,2001
2353,2001
2354,1998
2355,2011
2356,1991
2357,1991
2358,2011
2359,2012
2360,2005
2361,2010
2362,2013
2363,2006
2364,1993
2365,2005
2366,1991
2367,1996
2368,2000
2369,2005
2370,2004
2371,2010
2372,2011
2373,1998
2374,1996
2375,2000
2376,2010
2377,2007
2378,2003
2379,2007
2380,2004
2381,1998
2382,2007
2383,1990
2384,2009
2385,1992
2386,2014
2387,2012
2388,1993
2389,2010
2390,2010
2391,2011
2392,2007
2393,2008
2394,2004
2395,2011
2396,1998
2397,2005
2398,1994
2399,2010
2400,1995
2401,2010
2402,2008
2403,1993
2404,1995
2405,2014
2406,2003
2407,1991
2408,2008
2409,1994
2410,2010
2411,1999
2412,2004
2413,2002
2414,2000
2415,2000
2416,2005
2417,2001
2418,1997
2419,2010
2420,1998
2421,1994
2422,2006
2423,1991
2424,2012
2425,1995
2426,2014
2427,1998
2428,2012
2429,1993
2430,1995
2431,1992
2432,2013
2433,2013
2434,1997
2435,1994
2436,2014
2437,2013
2438,1997
2439,2010
2440,1994
2441,1992
2442,1994
2443,2008
2444,2005
2445,2006
2446,1993
2447,1997
2448,1992
2449,2002
2450,1994
2451,2001
2452,2007
2453,2011
2454,2004
2455,2006
2456,1993
2457,2003
2458,2014
2459,1991
2460,2006
2461,1997
2462,1995
2463,2006
2464,1997
2465,2003
2466,2010
2467,1997
2468,2001
2469,1992
2470,1994
2471,2005
2472,1997
2473,1998
2474,2000
2475,2014
2476,1990
2477,2003
2478,1996
2479,1994
2480,1992
2481,2000
2482,2007
2483,2009
2484,1998
2485,1996
2486,2001
2487,2004
2488,2009
2489,2002
2490,2007
2491,2002
2492,2011
2493,2012
2494,1994
2495,1994
2496,2002
2497,1991
2498,2003
2499,2013
2500,1996
2501,2007
2502,2005
2503,2003
2504,1992
2505,1990
2506,2002
2507,1994
2508,2005
2509,2010
2510,1999
2511,2008
2512,1997
2513,1991
2514,2002
2515,2006
2516,2000
2517,1990
2518,1997
2519,1996
2520,2005
2521,2014
2522,2009
2523,2001
2524,2011
2525,1990
2526,2005
2527,1999
2528,1991
2529,1993
2530,1999
2531,1997
2532,2012
2533,1992
2534,2012
2535,1990
2536,1992
2537,2001
2538,1996
2539,2008
2540,1996
2541,2005
2542,2003
2543,2004
2544,2009
2545,1992
2546,1997
2547,1996
2548,1993
2549,2006
2550,2002
2551,2008
2552,2005
2553,1998
2554,1996
2555,2003
2556,1998
2557,2012
2558,2014
2559,2002
2560,1992
2561,1999
2562,2011
2563,1992
2564,2001
2565,2009
2566,1994
2567,2005
2568,1995
2569,2000
2570,2000
2571,2002
2572,1993
2573,2013
2574,1993
2575,2012
2576,1991
2577,2002
2578,1995
2579,1996
2580,1993
2581,2007
2582,1991
2583,2008
2584,1993
2585,1997
2586,1998
2587,2003
2588,1994
2589,1998
2590,1990
2591,1999
2592,2007
2593,2012
2594,2001
2595,1995
2596,2006
2597,2005
2598,2010
2599,2013
2600,1992
2601,1996
2602,2002
2603,1995
2604,1996
2605,2007
2606,1994
2607,1997
2608,1994
2609,1999
2610,2005
2611,1999
2612,1994
2613,2006
2614,1994
2615,1997
2616,2014
2617,2003
2618,2010
2619,1995
2620,2011
2621,2013
2622,2004
2623,2003
2624,2010
2625,1992
2626,2010
2627,2003
2628,2009
2629,2005
2630,2001
2631,2012
2632,2013
2633,2014
2634,1992
2635,1995
2636,2006
2637,1999
2638,2004
2639,2013
2640,2008
2641,1995
2642,1997
2643,2014
2644,2011
2645,2002
2646,1996
2647,2010
2648,1990
2649,1994
2650,1993
2651,2011
2652,1992
2653,2009
2654,2001
2655,2014
2656,2014
2657,1996
2658,2002
2659,2008
2660,2013
2661,1990
2662,2007
2663,2012
2664,1991
2665,2010
2666,1992
2667,2010
2668,1994
2669,2006
2670,2008
2671,2014
2672,2013
2673,1992
2674,2014
2675,2010
2676,2004
2677,1997
2678,2007
2679,2006
2680,2003
2681,2010
2682,2004
2683,2007
2684,2007
2685,1990
2686,2006
2687,2006
2688,1998
2689,1995
2690,1999
2691,1997
2692,1996
2693,1992
2694,1996
2695,1999
2696,2014
2697,2000
2698,1994
2699,1995
2700,1993
2701,2014
2702,1996
2703,1992
2704,1992
2705,1997
2706,2012
2707,2008
2708,2005
2709,2004
2710,2002
2711,1993
2712,2002
2713,1991
2714,2013
2715,1994
2716,1994
2717,2004
2718,2010
2719,2002
2720,2012
2721,1996
2722,2011
2723,1995
2724,2000
2725,1992
2726,2004
2727,2001
2728,2002
2729,2011
2730,2008
2731,2006
2732,2010
2733,1990
2734,2010
2735,2014
2736,1997
2737,2007
2738,2008
2739,2014
2740,1998
2741,1995
2742,1995
2743,2012
2744,1998
2745,1993
2746,1991
2747,2002
2748,2009
2749,2013
2750,1992
2751,2006
2752,1997
2753,2013
2754,2011
2755,2007
2756,1993
2757,2003
2758,1996
2759,2005
2760,1999
2761,2014
2762,1998
2763,1996
2764,1991
2765,1993
2766,1996
2767,1999
2768,2012
2769,1991
2770,2000
2771,1998
2772,1996
2773,2005
2774,1995
2775,2006
2776,2008
2777,1999
2778,1994
2779,2003
2780,1997
2781,1996
2782,1996
2783,2006
2784,1994
2785,1995
2786,2001
2787,1997
2788,2008
2789,2007
2790,1990
2791,1994
2792,2008
2793,2000
2794,2002
2795,2010
2796,2006
2797,2008
2798,1996
2799,2005
2800,2009
2801,2006
2802,2013
2803,1992
2804,1997
2805,1994
2806,2009
2807,1992
2808,2003
2809,1990
2810,2005
2811,2012
2812,1996
2813,2014
2814,2004
2815,2002
2816,1994
2817,1992
2818,2012
2819,2014
2820,2009
2821,2014
2822,1993
2823,2004
2824,2001
2825,2007
2826,1999
2827,1992
2828,2001
2829,2007
2830,2008
2831,1997
2832,1999
2833,2006
2834,2002
2835,2008
2836,2012
2837,1998
2838,2010
2839,2000
2840,2000
2841,2003
2842,1998
2843,2008
2844,2002
2845,2014
2846,1995
2847,2008
2848,1991
2849,1994
2850,2007
2851,2012
2852,1995
2853,2012
2854,2001
2855,2007
2856,2004
2857,2011
2858,2011
2859,1992
2860,2005
2861,2006
2862,2002
2863,2014
2864,1998
2865,2014
2866,2009
2867,1995
2868,1999
2869,2005
2870,2008
2871,2009
2872,1995
2873,1993
2874,2002
2875,2007
2876,1992
2877,2009
2878,2000
2879,1993
2880,1991
2881,1994
2882,1992
2883,1996
2884,1991
2885,2003
2886,1990
2887,2005
2888,2001
2889,2012
2890,2008
2891,1992
2892,2003
2893,1997
2894,1993
2895,2013
2896,1998
2897,2013
2898,1996
2899,2007
2900,2005
2901,2014
2902,2003
2903,2010
2904,1992
2905,1990
2906,2004
2907,1996
2908,2011
2909,1991
2910,1999
2911,2012
2912,1995
2913,2001
2914,1996
2915,1996
2916,1991
2917,1996
2918,2013
2919,2003
2920,1993
2921,2008
2922,2007
2923,2009
2924,1990
2925,2010
2926,2007
2927,1998
2928,2008
2929,1990
2930,1992
2931,1998
2932,2014
2933,2005
2934,1993
2935,1993
2936,2007
2937,2009
2938,1999
2939,2004
2940,2010
2941,2010
2942,2001
2943,1990
2944,1998
2945,2007
2946,1998
2947,2000
2948,1991
2949,1997
2950,1990
2951,1996
2952,1992
2953,2007
2954,1990
2955,1993
2956,2002
2957,2010
2958,2003
2959,1998
2960,2010
2961,2006
2962,2006
2963,2012
2964,1998
2965,2012
2966,1990
2967,1991
2968,2006
2969,2000
2970,2005
2971,2004
2972,1995
2973,1993
2974,2006
2975,2004
2976,2013
2977,1990
2978,1991
2979,2014
2980,1999
2981,1991
2982,1995
2983,2003
2984,2008
2985,1998
2986,2006
2987,1997
2988,1993
2989,1997
2990,2005
2991,2013
2992,1990
2993,1999
2994,2010
2995,1998
2996,1996
2997,2013
2998,1999
2999,2014
3000,1998
3001,2014
3002,2005
3003,2005
3004,1993
3005,1997
3006,1996
3007,1993
3008,1999
3009,1997
3010,1992
3011,2008
3012,2000
3013,1999
3014,1996
3015,1995
3016,2007
3017,1990
3018,2003
3019,2010
3020,1999
3021,1993
3022,2011
3023,1999
3024,2004
3025,2008
3026,2007
3027,2012
3028,2006
3029,1994
3030,2014
3031,1991
3032,1993
3033,2004
3034,2007
3035,1998
3036,2011
3037,1990
3038,2001
3039,1995
3040,2000
3041,2005
3042,1990
3043,2010
3044,1990
3045,1999
3046,1991
3047,2007
3048,2001
3049,2004
3050,2005
3051,2010
3052,2009
3053,2001
3054,1994
3055,2001
3056,1994
3057,2013
3058,1998
3059,2011
3060,1992
3061,1997
3062,2014
3063,1998
3064,2012
3065,2006
3066,2008
3067,2010
3068,2009
3069,1995
3070,1993
3071,1994
3072,2012
3073,1993
3074,2014
3075,2012
3076,2004
3077,1992
3078,2007
3079,1990
3080,2008
3081,1997
3082,2010
3083,2003
3084,2010
3085,1991
3086,2014
3087,2014
3088,1990
3089,1999
3090,2012
3091,1994
3092,2007
3093,2012
3094,2002
3095,2006
3096,2005
3097,1996
3098,2001
3099,1999
3100,2003
3101,2004
3102,2003
3103,2002
3104,2010
3105,2005
3106,2002
3107,1999
3108,2007
3109,1994
3110,2000
3111,2001
3112,2003
3113,1997
3114,1991
3115,1998
3116,1999
3117,1992
3118,1999
3119,2001
3120,2003
3121,1997
3122,2005
3123,1995
3124,1996
3125,1995
3126,2011
3127,2011
3128,2001
3129,2000
3130,1998
3131,1991
3132,2014
3133,2013
3134,2003
3135,2009
3136,2003
3137,1990
3138,1996
3139,1998
3140,1996
3141,2006
3142,2011
3143,2009
3144,2013
3145,2014
3146,1994
3147,1999
3148,1993
3149,2004
3150,2010
3151,2006
3152,2013
3153,2003
3154,2014
3155,1996
3156,2008
3157,2012
3158,1994
3159,1996
3160,1997
3161,2002
3162,1997
3163,1997
3164,2001
3165,2012
3166,1993
3167,1991
3168,1990
3169,1999
3170,2001
3171,1996
3172,1992
3173,1999
3174,1993
3175,1991
3176,2000
3177,1997
3178,2002
3179,2003
3180,2013
3181,1998
3182,1997
3183,2013
3184,2011
3185,1998
3186,1994
3187,2004
3188,1995
3189,1999
3190,2012
3191,2003
3192,2011
3193,1996
3194,2010
3195,1999
3196,1993
3197,1990
3198,2003
3199,1993
3200,2000
3201,1991
3202,2002
3203,2004
3204,2001
3205,2005
3206,2007
3207,2011
3208,2012
3209,1995
3210,2002
3211,2013
3212,2003
3213,2011
3214,2011
3215,1999
3216,1994
3217,1991
3218,1990
3219,1999
3220,2000
3221,2014
3222,2012
3223,1998
3224,1995
3225,2009
3226,2010
3227,1998
3228,2010
3229,1998
3230,2004
3231,1997
3232,1999
3233,1991
3234,2011
3235,2012
3236,2008
3237,2004
3238,2011
3239,2007
3240,2011
3241,1998
3242,2005
3243,1999
3244,1996
3245,2002
3246,2010
3247,2000
3248,2003
3249,2012
3250,2009
3251,1990
3252,2011
3253,2009
3254,2000
3255,1991
3256,2003
3257,1995
3258,2001
3259,2000
3260,2003
3261,1990
3262,2009
3263,1990
3264,1993
3265,2008
3266,2014
3267,2013
3268,1999
3269,2010
3270,2006
3271,1995
3272,1995
3273,1996
3274,2004
3275,2001
3276,2010
3277,2001
3278,2011
3279,2000
3280,1998
3281,2008
3282,2000
3283,1994
3284,2002
3285,2011
3286,1997
3287,1992
3288,1991
3289,2008
3290,2005
3291,2007
3292,2011
3293,1999
3294,2009
3295,1991
3296,1992
3297,2008
3298,1990
3299,2003
3300,2006
3301,2006
3302,2008
3303,2011
3304,2014
3305,1999
3306,1998
3307,2010
3308,2010
3309,1996
3310,1995
3311,1995
3312,2014
3313,2008
3314,1999
3315,2003
3316,2004
3317,2008
3318,2006
3319,2007
3320,2002
3321,1996
3322,2001
3323,1998
3324,2007
3325,1995
3326,2001
3327,2012
3328,1991
3329,2001
3330,2000
3331,2007
3332,1994
3333,1996
3334,2005
3335,1994
3336,2005
3337,1990
3338,1991
3339,2003
3340,1997
3341,1996
3342,2008
3343,1998
3344,2014
3345,1995
3346,2012
3347,2005
3348,2013
3349,2005
3350,1998
3351,2000
3352,2013
3353,2009
3354,2010
3355,2007
3356,1992
3357,1997
3358,2004
3359,1993
3360,2010
3361,1992
3362,2012
3363,1990
3364,1998
3365,2002
3366,1996
3367,2013
3368,2003
3369,1997
3370,2003
3371,2010
3372,2003
3373,1997
3374,1995
3375,2005
3376,2004
3377,1994
3378,1995
3379,2002
3380,2009
3381,2005
3382,1990
3383,2009
3384,2000
3385,2012
3386,2002
3387,2004
3388,1996
3389,1991
3390,2007
3391,1992
3392,1993
3393,2004
3394,1994
3395,2003
3396,1993
3397,2002
3398,2004
3399,2006
3400,2009
3401,1992
3402,2003
3403,1999
3404,2001
3405,2009
3406,1991
3407,1990
3408,2013
3409,1997
3410,2005
3411,2010
3412,2012
3413,2007
3414,2006
3415,1999
3416,2006
3417,1993
3418,1990
3419,2013
3420,1997
3421,2007
3422,1992
3423,2002
3424,1998
3425,1998
3426,1991
3427,2002
3428,2010
3429,2005
3430,1995
3431,2006
3432,2009
3433,2009
3434,1992
3435,1996
3436,2005
3437,1994
3438,1998
3439,2005
3440,2001
3441,1990
3442,2000
3443,2000
3444,2009
3445,1992
3446,2012
3447,2001
3448,1997
3449,2012
3450,2001
3451,2004
3452,2007
3453,2005
3454,1994
3455,1992
3456,1990
3457,1995
3458,2006
3459,2010
3460,2012
3461,2012
3462,2003
3463,2006
3464,2008
3465,2005
3466,2014
3467,1998
3468,2009
3469,2000
3470,2013
3471,1997
3472,2002
3473,2001
3474,2008
3475,1999
3476,2005
3477,2007
3478,2012
3479,2012
3480,2004
3481,1998
3482,2004
3483,1998
3484,1990
3485,2008
3486,2001
3487,1990
3488,1990
3489,1992
3490,2012
3491,2012
3492,2014
3493,2000
3494,2005
3495,2007
3496,1990
3497,2007
3498,1992
3499,2012
3500,1994
3501,1991
3502,1994
3503,2008
3504,2004
3505,2012
3506,1992
3507,1994
3508,2006
3509,2014
3510,1993
3511,1996
3512,1999
3513,2007
3514,2004
3515,1999
3516,2002
3517,1992
3518,1999
3519,2002
3520,1995
3521,1998
3522,2001
3523,1996
3524,2008
3525,1994
3526,1991
3527,2011
3528,2013
3529,1993
3530,2008
3531,1994
3532,1996
3533,2012
3534,2012
3535,2012
3536,2012
3537,1992
3538,1991
3539,2003
3540,1993
3541,1997
3542,2011
3543,2003
3544,1991
3545,2003
3546,2014
3547,2004
3548,2005
3549,2001
3550,1993
3551,2012
3552,2009
3553,2007
3554,1996
3555,2005
3556,2013
3557,1999
3558,2001
3559,2013
3560,2002
3561,1996
3562,1992
3563,2011
3564,1993
3565,1991
3566,2008
3567,1992
3568,1995
3569,2012
3570,2008
3571,1999
3572,1994
3573,2006
3574,2014
3575,1995
3576,1994
3577,1990
3578,2011
3579,2012
3580,2001
3581,1990
3582,2011
3583,1998
3584,2009
3585,1992
3586,2013
3587,2007
3588,2001
3589,1999
3590,2007
3591,1991
3592,2005
3593,2009
3594,2014
3595,2010
3596,2012
3597,2007
3598,1990
3599,1995
3600,2006
3601,2008
3602,2006
3603,2010
3604,2001
3605,2005
3606,1991
3607,2006
3608,2007
3609,2012
3610,2005
3611,1994
3612,2014
3613,2001
3614,2002
3615,2008
3616,2006
3617,2000
3618,2002
3619,1994
3620,2011
3621,1994
3622,1995
3623,2001
3624,1990
3625,1996
3626,1998
3627,1990
3628,1991
3629,1998
3630,1997
3631,2007
3632,1993
3633,2013
3634,2003
3635,2005
3636,2005
3637,2006
3638,1996
3639,1997
3640,2005
3641,2013
3642,2001
3643,2005
3644,1999
3645,1990
3646,2000
3647,1992
3648,2002
3649,1990
3650,1997
3651,1998
3652,1996
3653,2004
3654,2011
3655,1997
3656,2011
3657,1995
3658,1999
3659,2012
3660,2003
3661,2006
3662,2004
3663,2007
3664,2004
3665,1994
3666,1999
3667,1996
3668,2010
3669,2007
3670,2003
3671,2003
3672,2005
3673,1992
3674,1995
3675,1991
3676,1992
3677,2005
3678,1994
3679,2007
3680,2007
3681,2001
3682,1990
3683,2014
3684,1990
3685,2012
3686,1998
3687,2013
3688,1992
3689,2007
3690,2010
3691,2007
3692,2000
3693,2002
3694,1999
3695,1991
3696,2006
3697,2010
3698,1997
3699,2004
3700,2002
3701,2010
3702,1994
3703,1992
3704,2012
3705,1999
3706,1994
3707,1992
3708,2014
3709,1998
3710,2009
3711,2007
3712,2009
3713,2011
3714,2008
3715,2011
3716,2008
3717,1991
3718,2010
3719,2012
3720,2010
3721,2007
3722,2005
3723,1995
3724,1994
3725,1991
3726,1998
3727,2013
3728,2012
3729,2005
3730,2004
3731,1999
3732,2002
3733,2008
3734,2002
3735,2002
3736,1992
3737,2006
3738,2004
3739,1993
3740,1991
3741,2000
3742,2012
3743,2012
3744,1996
3745,2005
3746,2008
3747,1992
3748,2006
3749,2005
3750,2014
3751,2003
3752,1998
3753,2004
3754,2010
3755,2004
3756,2006
3757,1993
3758,2002
3759,2003
3760,2010
3761,1993
3762,2014
3763,1998
3764,2011
3765,2001
3766,2010
3767,1990
3768,1994
3769,2001
3770,1994
3771,1997
3772,2011
3773,1993
3774,1994
3775,1994
3776,2009
3777,2013
3778,1996
3779,2002
3780,2005
3781,1996
3782,1991
3783,2013
3784,2010
3785,2013
3786,2003
3787,2003
3788,1992
3789,1992
3790,1993
3791,2012
3792,1996
3793,1993
3794,1995
3795,1994
3796,2006
3797,1992
3798,1995
3799,2011
3800,2003
3801,2001
3802,1993
3803,1999
3804,2004
3805,2000
3806,2004
3807,2000
3808,2000
3809,2010
3810,2013
3811,1990
3812,1993
3813,1991
3814,2014
3815,1991
3816,2014
3817,2004
3818,2004
3819,1993
3820,2006
3821,2010
3822,1993
3823,2014
3824,2013
3825,1998
3826,1994
3827,2006
3828,2003
3829,2001
3830,2004
3831,1991
3832,2014
3833,2010
3834,2003
3835,2003
3836,1995
3837,1992
3838,2014
3839,2005
3840,2014
3841,2014
3842,2007
3843,1995
3844,1992
3845,2008
3846,1996
3847,1993
3848,1997
3849,2012
3850,1999
3851,1991
3852,2007
3853,2002
3854,1992
3855,2007
3856,2012
3857,1996
3858,1999
3859,2000
3860,2009
3861,2013
3862,2002
3863,2008
3864,2008
3865,1990
3866,1999
3867,1990
3868,1994
3869,2000
3870,2005
3871,1995
3872,2001
3873,2000
3874,2000
3875,2003
3876,1993
3877,2006
3878,2008
3879,2001
3880,2004
3881,1992
3882,2004
3883,1998
3884,2006
3885,2006
3886,1993
3887,2004
3888,1990
3889,2002
3890,2014
3891,2009
3892,2002
3893,2003
3894,2005
3895,1998
3896,2005
3897,2014
3898,2000
3899,2009
3900,1999
3901,1993
3902,1992
3903,2012
3904,2003
3905,2002
3906,2000
3907,2006
3908,1994
3909,1995
3910,1994
3911,2010
3912,2000
3913,2008
3914,1995
3915,1991
3916,2002
3917,1998
3918,2005
3919,2002
3920,2012
3921,2007
3922,1998
3923,2002
3924,1997
3925,1990
3926,2010
3927,2013
3928,2014
3929,1995
3930,2009
3931,2000
3932,1998
3933,2011
3934,1997
3935,2013
3936,1999
3937,2009
3938,2005
3939,2005
3940,1990
3941,2009
3942,2002
3943,2002
3944,2005
3945,2007
3946,2003
3947,1992
3948,1993
3949,1996
3950,2006
3951,1990
3952,2013
3953,1991
3954,2002
3955,1997
3956,1992
3957,1999
3958,1995
3959,1991
3960,2007
3961,1992
3962,2004
3963,1992
3964,2013
3965,2013
3966,1991
3967,1999
3968,2008
3969,2006
3970,1991
3971,2010
3972,2002
3973,2005
3974,1997
3975,1994
3976,2000
3977,2012
3978,1998
3979,2003
3980,1993
3981,2014
3982,2005
3983,1993
3984,1991
3985,1993
3986,2001
3987,1995
3988,2004
3989,2008
3990,1998
3991,1996
3992,2010
3993,2012
3994,2001
3995,2011
3996,2011
3997,2002
3998,1997
3999,2006
4000,1995
4001,1999
4002,2003
4003,2009
4004,1991
4005,2012
4006,2014
4007,2001
4008,2009
4009,1997
4010,1991
4011,1990
4012,1999
4013,2007
4014,1995
4015,2000
4016,2012
4017,2008
4018,2007
4019,2001
4020,2002
4021,1990
4022,2010
4023,1999
4024,1990
4025,1996
4026,1995
4027,2013
4028,2010
4029,2005
4030,2004
4031,1992
4032,2014
4033,1994
4034,2011
4035,1992
4036,1991
4037,2012
4038,2004
4039,2010
4040,1995
4041,2005
4042,2012
4043,2004
4044,1999
4045,1993
4046,1991
4047,1996
4048,2011
4049,2008
4050,2010
4051,2000
4052,2010
4053,2005
4054,2010
4055,2010
4056,2013
4057,1992
4058,2008
4059,2010
4060,2007
4061,1997
4062,2012
4063,2008
4064,2001
4065,2010
4066,2011
4067,2004
4068,2008
4069,2002
4070,2002
4071,2013
4072,1994
4073,1999
4074,2004
4075,2006
4076,2002
4077,2005
4078,2012
4079,2001
4080,2000
4081,2007
4082,2011
4083,1995
4084,1999
4085,2008
4086,1991
4087,1999
4088,2013
4089,2009
4090,1994
4091,2005
4092,1994
4093,1993
4094,2001
4095,2007
4096,2014
4097,1999
4098,1997
4099,2007
4100,2013
4101,2009
4102,2007
4103,1992
4104,1995
4105,1998
4106,2008
4107,2010
4108,1990
4109,2008
4110,1996
4111,2000
4112,2002
4113,1994
4114,2007
4115,2012
4116,2013
4117,2010
4118,1996
4119,2011
4120,2007
4121,2003
4122,2003
4123,2013
4124,2006
4125,1991
4126,2005
4127,2007
4128,2000
4129,2014
4130,2001
4131,1998
4132,2010
4133,1995
4134,2003
4135,1991
4136,2003
4137,1998
4138,2011
4139,2003
4140,1993
4141,1994
4142,1990
4143,2006
4144,1998
4145,2010
4146,2005
4147,1998
4148,2005
4149,2013
4150,1996
4151,1999
4152,2001
4153,2012
4154,1997
4155,1995
4156,2013
4157,1990
4158,2012
4159,1999
4160,2014
4161,1999
4162,2009
4163,2012
4164,2006
4165,1999
4166,2013
4167,1995
4168,2008
4169,2011
4170,2010
4171,2011
4172,1990
4173,2013
4174,2004
4175,2000
4176,2008
4177,1994
4178,2011
4179,2000
4180,1993
4181,1992
4182,2010
4183,2004
4184,1991
4185,1994
4186,2009
4187,1990
4188,1994
4189,2009
4190,2001
4191,1996
4192,1995
4193,1995
4194,1993
4195,2011
4196,2005
4197,1991
4198,1993
4199,2000
4200,2014
4201,2014
4202,1998
4203,1991
4204,2014
4205,2013
4206,2001
4207,2007
4208,1992
4209,1999
4210,1992
4211,1995
4212,2004
4213,2014
4214,2012
4215,2005
4216,1994
4217,2008
4218,2005
4219,2000
4220,2002
4221,1993
4222,2006
4223,2009
4224,1999
4225,2009
4226,2006
4227,1991
4228,2012
4229,2011
4230,2003
4231,2011
4232,2012
4233,2011
4234,2012
4235,2011
4236,2011
4237,2001
4238,2003
4239,2014
4240,2010
4241,2008
4242,1996
4243,1999
4244,2009
4245,1993
4246,1990
4247,1990
4248,2012
4249,2007
4250,2001
4251,1999
4252,2011
4253,1994
4254,1996
4255,1997
4256,2014
4257,2014
4258,2000
4259,2013
4260,2010
4261,2013
4262,2012
4263,2008
4264,2011
4265,2009
4266,2006
4267,2008
4268,1997
4269,1997
4270,2009
4271,1995
4272,1990
4273,1990
4274,2004
4275,2011
4276,1994
4277,2006
4278,2012
4279,1991
4280,2001
4281,2000
4282,2002
4283,1999
4284,2004
4285,2008
4286,2006
4287,2005
4288,2009
4289,1991
4290,2004
4291,2005
4292,1991
4293,2001
4294,2000
4295,2014
4296,1997
4297,1991
4298,2007
4299,2005
4300,1998
4301,2003
4302,2010
4303,2000
4304,2004
4305,2001
4306,1999
4307,2008
4308,1995
4309,1996
4310,2011
4311,2006
4312,2008
4313,2000
4314,1990
4315,1997
4316,1996
4317,2008
4318,2013
4319,1990
4320,2011
4321,2002
4322,2007
4323,2012
4324,1990
4325,1992
4326,2013
4327,1997
4328,1996
4329,2008
4330,2014
4331,2004
4332,1996
4333,2009
4334,1992
4335,2010
4336,1998
4337,2001
4338,2005
4339,2003
4340,2009
4341,2003
4342,1996
4343,2002
4344,2014
4345,1998
4346,2009
4347,1997
4348,1991
4349,2009
4350,1997
4351,2014
4352,1998
4353,1992
4354,2011
4355,1998
4356,1994
4357,2011
4358,2006
4359,2000
4360,2004
4361,2005
4362,1992
4363,2011
4364,2002
4365,1996
4366,2008
4367,2010
4368,2007
4369,1999
4370,2000
4371,2003
4372,2014
4373,2008
4374,1990
4375,1990
4376,1991
4377,2011
4378,1997
4379,1994
4380,2006
4381,2007
4382,1993
4383,2014
4384,2009
4385,1991
4386,1998
4387,1990
4388,2012
4389,1991
4390,2003
4391,2002
4392,2006
4393,2005
4394,2000
4395,1995
4396,2013
4397,1993
4398,1990
4399,2007
4400,2002
4401,2002
4402,1995
4403,2002
4404,1995
4405,1997
4406,2002
4407,1996
4408,1993
4409,2012
4410,2002
4411,2011
4412,2004
4413,2005
4414,2011
4415,2000
4416,2006
4417,1996
4418,2000
4419,2006
4420,1997
4421,2013
4422,1993
4423,1990
4424,2005
4425,2003
4426,1996
4427,2003
4428,2006
4429,1998
4430,1997
4431,1996
4432,2011
4433,2002
4434,2010
4435,1993
4436,2009
4437,1999
4438,2002
4439,2013
4440,1998
4441,2014
4442,2009
4443,2012
4444,2005
4445,2007
4446,1999
4447,1998
4448,2013
4449,2010
4450,2014
4451,1997
4452,2010
4453,1994
4454,2000
4455,2003
4456,2009
4457,2006
4458,1993
4459,2003
4460,1991
4461,2001
4462,2009
4463,2012
4464,2013
4465,2006
4466,1993
4467,2010
4468,1992
4469,2005
4470,2010
4471,2001
4472,2004
4473,2006
4474,2000
4475,1996
4476,1999
4477,2010
4478,2005
4479,1999
4480,2007
4481,2006
4482,2009
4483,2004
4484,2011
4485,1994
4486,1992
4487,2007
4488,2012
4489,1996
4490,1995
4491,2013
4492,2007
4493,1991
4494,2013
4495,2007
4496,2007
4497,1991
4498,2002
4499,2012
4500,2006
4501,1999
4502,1998
4503,1997
4504,1991
4505,2008
4506,2004
4507,2002
4508,2005
4509,1996
4510,2011
4511,1997
4512,2014
4513,2007
4514,2012
4515,2012
4516,2011
4517,1991
4518,2005
4519,2008
4520,1997
4521,2010
4522,2009
4523,1991
4524,2014
4525,2007
4526,2011
4527,2006
4528,2010
4529,1998
4530,2005
4531,2001
4532,2008
4533,2013
4534,2010
4535,2011
4536,2009
4537,2001
4538,1998
4539,1999
4540,2009
4541,1994
4542,2009
4543,2009
4544,2014
4545,2008
4546,2006
4547,2010
4548,2009
4549,1998
4550,2006
4551,1994
4552,1996
4553,2000
4554,1997
4555,1995
4556,1994
4557,1993
4558,2013
4559,2014
4560,2004
4561,2004
4562,2002
4563,1999
4564,2002
4565,1997
4566,1995
4567,1998
4568,2009
4569,2003
4570,2008
4571,2005
4572,2009
4573,2004
4574,1999
4575,2008
4576,1999
4577,1993
4578,2006
4579,1995
4580,2001
4581,1997
4582,2001
4583,2009
4584,2009
4585,2009
4586,2014
4587,2013
4588,2012
4589,2013
4590,2012
4591,2003
4592,2002
4593,1999
4594,2012
4595,1991
4596,2008
4597,1992
4598,2000
4599,2004
4600,2005
4601,1995
4602,1995
4603,2000
4604,2009
4605,2006
4606,1995
4607,1995
4608,2009
4609,2011
4610,2000
4611,1998
4612,1995
4613,2012
4614,1992
4615,2014
4616,2006
4617,1992
4618,2012
4619,2005
4620,1990
4621,2011
4622,1994
4623,2004
4624,1997
4625,1991
4626,2005
4627,1991
4628,1994
4629,1990
4630,2005
4631,2011
4632,1995
4633,2012
4634,1998
4635,1991
4636,2004
4637,2004
4638,1996
4639,2000
4640,2000
4641,2007
4642,2008
4643,2006
4644,2004
4645,2013
4646,2007
4647,1997
4648,1990
4649,2005
4650,2014
4651,1992
4652,2003
4653,1993
4654,2008
4655,2011
4656,1997
4657,1998
4658,2014
4659,2003
4660,1999
4661,2006
4662,1999
4663,2006
4664,2004
4665,2008
4666,2008
4667,1993
4668,1997
4669,2014
4670,2003
4671,2009
4672,2008
4673,1999
4674,2002
4675,1999
4676,1997
4677,1995
4678,2008
4679,1999
4680,2012
4681,2008
4682,2003
4683,2000
4684,2011
4685,1996
4686,1998
4687,1995
4688,2004
4689,1997
4690,2008
4691,1990
4692,2014
4693,1993
4694,2007
4695,2005
4696,2013
4697,2002
4698,2008
4699,1997
4700,2003
4701,1998
4702,1991
4703,1997
4704,2009
4705,2006
4706,2006
4707,1993
4708,2011
4709,2000
4710,2002
4711,2010
4712,1995
4713,1992
4714,1997
4715,1991
4716,1998
4717,2006
4718,1999
4719,1990
4720,1990
4721,1992
4722,1990
4723,2014
4724,1997
4725,2009
4726,2004
4727,1995
4728,1996
4729,1999
4730,2002
4731,2010
4732,2010
4733,2006
4734,1992
4735,2006
4736,1997
4737,2010
4738,2010
4739,1993
4740,1997
4741,1999
4742,1990
4743,2002
4744,2002
4745,1997
4746,2006
4747,2010
4748,2013
4749,1990
4750,2012
4751,2014
4752,1994
4753,2013
4754,1990
4755,2002
4756,2007
4757,2007
4758,2007
4759,1991
4760,1991
4761,1995
4762,2011
4763,2013
4764,2011
4765,1990
4766,2005
4767,1995
4768,2012
4769,2002
4770,2000
4771,1995
4772,2011
4773,2000
4774,2009
4775,2000
4776,2007
4777,2000
4778,1998
4779,2006
4780,2002
4781,1995
4782,2007
4783,2007
4784,1993
4785,2007
4786,1994
4787,2013
4788,2001
4789,2013
4790,2014
4791,2003
4792,1995
4793,2012
4794,2003
4795,1993
4796,2012
4797,1995
4798,1998
4799,2011
4800,2007
4801,2008
4802,1991
4803,2006
4804,1993
4805,2011
4806,1991
4807,2011
4808,1998
4809,1999
4810,2004
4811,2011
4812,2005
4813,1998
4814,2005
4815,2010
4816,1992
4817,2009
4818,2010
4819,2004
4820,2009
4821,2011
4822,1994
4823,1990
4824,2010
4825,2007
4826,1993
4827,2009
4828,1990
4829,2002
4830,2006
4831,2007
4832,1997
4833,2007
4834,1998
4835,2001
4836,2005
4837,2002
4838,1999
4839,2014
4840,2011
4841,2013
4842,2010
4843,2003
4844,1996
4845,2002
4846,2001
4847,1998
4848,1996
4849,1996
4850,2012
4851,1992
4852,1995
4853,1993
4854,1992
4855,1990
4856,2011
4857,1998
4858,2010
4859,2011
4860,2012
4861,2001
4862,2005
4863,1994
4864,1995
4865,1991
4866,2005
4867,2011
4868,2003
4869,1991
4870,2010
4871,2001
4872,2014
4873,2007
4874,1992
4875,1997
4876,1994
4877,2005
4878,2008
4879,2002
4880,2011
4881,2007
4882,2004
4883,1993
4884,2011
4885,2009
4886,1994
4887,2009
4888,1992
4889,1991
4890,2007
4891,2014
4892,2002
4893,1997
4894,1995
4895,2009
4896,2000
4897,2013
4898,2005
4899,1990
4900,2014
4901,2000
4902,2002
4903,1991
4904,1994
4905,2006
4906,2000
4907,2000
4908,1996
4909,1993
4910,2012
4911,1994
4912,2013
4913,2004
4914,1998
4915,2009
4916,2000
4917,2004
4918,2005
4919,2002
4920,2007
4921,1997
4922,2003
4923,1996
4924,2006
4925,2010
4926,1990
4927,1992
4928,2008
4929,2006
4930,1992
4931,2008
4932,1993
4933,2006
4934,2011
4935,2000
4936,1997
4937,1996
4938,2010
4939,2003
4940,2000
4941,2010
4942,2010
4943,2000
4944,1999
4945,1995
4946,1994
4947,2009
4948,2009
4949,2009
4950,1998
4951,2001
4952,1993
4953,2013
4954,2009
4955,2009
4956,2008
4957,2009
4958,2011
4959,2004
4960,2000
4961,2014
4962,1997
4963,2006
4964,2005
4965,1995
4966,1991
4967,1990
4968,2001
4969,2011
4970,2005
4971,2013
4972,2006
4973,2000
4974,1998
4975,1990
4976,2005
4977,2004
4978,2011
4979,2001
4980,2000
4981,1996
4982,2014
4983,2003
4984,1994
4985,2008
4986,1998
4987,1990
4988,2003
4989,1996
4990,2004
4991,1990
4992,1995
4993,2013
4994,2006
4995,2013
4996,1993
4997,2007
4998,1990
4999,2004
5000,2004
